Numéro_FINESS,Département,latitude,longitude,Raison_Sociale,FINESS_Orga,RS_Orga,Code_statut,Lib_statut,Statut,Code_tarif,Lib_tarif,Capacité_totale,Date ouvert,walkscore,ws_link
750002255,75,48.885482,2.325923,Maison Perce-Neige Alternance de Paris,920809829,Fondation Perce-Neige,63,Fondation,Fondation,5,ARS établissements médico-soc. non financés dotation globale,19,1997,99,https://www.walkscore.com/score/loc/lat=48.88548/lng=2.325923/
750021669,75,48.852796,2.371339,IME les Petites Victoires,750021628,ASAP,60,Association Loi 1901 non Reconnue d'Utilité Publique,Association,5,ARS établissements médico-soc. non financés dotation globale,21,2005,100,https://www.walkscore.com/score/loc/lat=48.8528/lng=2.371339/
750022758,75,48.837132,2.293283,IME Cognacq Jay,750720468,Fondation Cognacq-Jay,63,Fondation,Fondation,57,ARS /ARS PCD  Dotation forfait ou prix de journée globalisé,21,2006,99,https://www.walkscore.com/score/loc/lat=48.83713/lng=2.293283/
750037962,75,48.877757,2.393424,IMPro APAJH Faites des Couleurs,750002586,APAJH Paris,61,Association Loi 1901 Reconnue d'Utilité Publique,Association,5,ARS établissements médico-soc. non financés dotation globale,42,2001,98,https://www.walkscore.com/score/loc/lat=48.87776/lng=2.393424/
750038929,75,48.857871,2.366638,IME Cour de Venise,750063521,Association Autisme en Île-de-France,60,Association Loi 1901 non Reconnue d'Utilité Publique,Association,5,ARS établissements médico-soc. non financés dotation globale,25,2008,99,https://www.walkscore.com/score/loc/lat=48.85787/lng=2.366638/
750042954,75,48.874975,2.369537,IME Norbert Dana,750042921,ABPIEH,60,Association Loi 1901 non Reconnue d'Utilité Publique,Association,57,ARS /ARS PCD  Dotation forfait ou prix de journée globalisé,53,2006,99,https://www.walkscore.com/score/loc/lat=48.87497/lng=2.369537/
750047045,75,48.830442,2.365817,IME Agir et Vivre l'Autisme,750062234,Association Agir et Vivre l’Autisme,60,Association Loi 1901 non Reconnue d'Utilité Publique,Association,57,ARS /ARS PCD  Dotation forfait ou prix de journée globalisé,62,2009,95,https://www.walkscore.com/score/loc/lat=48.83044/lng=2.365817/
750047086,75,48.843855,2.405359,MAIA Autisme de Paris,750047078,MAIA Autisme,60,Association Loi 1901 non Reconnue d'Utilité Publique,Association,57,ARS /ARS PCD  Dotation forfait ou prix de journée globalisé,54,2009,98,https://www.walkscore.com/score/loc/lat=48.84385/lng=2.405359/
750049603,75,48.834684,2.297906,IME Saint Michel,750720534,Vivre et devenir Villepinte St Michel,61,Association Loi 1901 Reconnue d'Utilité Publique,Association,5,ARS établissements médico-soc. non financés dotation globale,25,2016,82,https://www.walkscore.com/score/loc/lat=48.83468/lng=2.297906/
750051526,75,48.893899,2.35392,IME Centre Robert Doisneau,690793435,Fondation OVE,63,Fondation,Fondation,5,ARS établissements médico-soc. non financés dotation globale,27,2013,96,https://www.walkscore.com/score/loc/lat=48.8939/lng=2.35392/
750062986,75,48.885529,2.390137,EEEH Silence des Justes,750037228,Association Ohalei Yaacov – Le Silence des Justes,60,Association Loi 1901 non Reconnue d'Utilité Publique,Association,58,ARS dotation forfait ou prix de journée globalisé hors CPOM,32,2019,98,https://www.walkscore.com/score/loc/lat=48.88553/lng=2.390137/
750690018,75,48.858001,2.358848,IME Binet Simon,750002586,APAJH Paris,61,Association Loi 1901 Reconnue d'Utilité Publique,Association,5,ARS établissements médico-soc. non financés dotation globale,40,1966,100,https://www.walkscore.com/score/loc/lat=48.858/lng=2.358848/
750690042,75,48.894069,2.31214,IME HOVIA,750721029,Association HOVIA,61,Association Loi 1901 Reconnue d'Utilité Publique,Association,5,ARS établissements médico-soc. non financés dotation globale,67,1977,92,https://www.walkscore.com/score/loc/lat=48.89407/lng=2.31214/
750690075,75,48.870953,2.369373,IME Suzanne Cordes,930027024,ASS ARERAM,60,Association Loi 1901 non Reconnue d'Utilité Publique,Association,5,ARS établissements médico-soc. non financés dotation globale,50,1952,99,https://www.walkscore.com/score/loc/lat=48.87095/lng=2.369373/
750690141,75,48.875394,2.391695,IME de Belleville,750818726,Groupe Oeuvres Sociales de Belleville,61,Association Loi 1901 Reconnue d'Utilité Publique,Association,5,ARS établissements médico-soc. non financés dotation globale,60,1964,98,https://www.walkscore.com/score/loc/lat=48.87539/lng=2.391695/
750690174,75,48.88781,2.320045,EMP et EMPro,750720781,Asso Bernard et Philippe Lafay,60,Association Loi 1901 non Reconnue d'Utilité Publique,Association,5,ARS établissements médico-soc. non financés dotation globale,35,1971,100,https://www.walkscore.com/score/loc/lat=48.88781/lng=2.320045/
750690190,75,48.867978,2.301473,IME École de Chaillot,750056350,Association École de Chaillot,60,Association Loi 1901 non Reconnue d'Utilité Publique,Association,5,ARS établissements médico-soc. non financés dotation globale,30,1973,100,https://www.walkscore.com/score/loc/lat=48.86798/lng=2.301473/
750690232,75,48.88915,2.368146,IMP Cours Hervé,750720948,Association Anne Marie Rallion,60,Association Loi 1901 non Reconnue d'Utilité Publique,Association,5,ARS établissements médico-soc. non financés dotation globale,45,1966,98,https://www.walkscore.com/score/loc/lat=48.88915/lng=2.368146/
750690257,75,48.853466,2.383953,IME Centre Franchemont,750720690,Association Centre Franchemont,60,Association Loi 1901 non Reconnue d'Utilité Publique,Association,5,ARS établissements médico-soc. non financés dotation globale,60,1975,99,https://www.walkscore.com/score/loc/lat=48.85347/lng=2.383953/
750690265,75,48.886292,2.312423,IMPro Cardinet,750720781,Association Bernard et Philippe Lafay,60,Association Loi 1901 non Reconnue d'Utilité Publique,Association,5,ARS établissements médico-soc. non financés dotation globale,35,1975,100,https://www.walkscore.com/score/loc/lat=48.88629/lng=2.312423/
750690273,75,48.842694,2.28325,IME,750720930,Association Protection sociale Vaugirard – Fonds Marie Joseph Cherioux,60,Association Loi 1901 non Reconnue d'Utilité Publique,Association,5,ARS établissements médico-soc. non financés dotation globale,60,1975,96,https://www.walkscore.com/score/loc/lat=48.84269/lng=2.28325/
750690349,75,48.850627,2.33174,IME du Luxembourg,310781562,ASEI,61,Association Loi 1901 Reconnue d'Utilité Publique,Association,5,ARS établissements médico-soc. non financés dotation globale,60,1978,100,https://www.walkscore.com/score/loc/lat=48.85063/lng=2.33174/
750690398,75,48.871521,2.356887,IME Dysphasia,750719312,Association Entraide Union,60,Association Loi 1901 non Reconnue d'Utilité Publique,Association,57,ARS /ARS PCD  Dotation forfait ou prix de journée globalisé,31,1980,100,https://www.walkscore.com/score/loc/lat=48.87152/lng=2.356887/
750814907,75,48.842148,2.315458,IME Notre École,750022238,AFG Autisme,60,Association Loi 1901 non Reconnue d'Utilité Publique,Association,5,ARS établissements médico-soc. non financés dotation globale,53,1985,99,https://www.walkscore.com/score/loc/lat=48.84215/lng=2.315458/
750831703,75,48.886985,2.310381,IME de Saussure,750719312,Association Entraide Union,60,Association Loi 1901 non Reconnue d'Utilité Publique,Association,5,ARS établissements médico-soc. non financés dotation globale,34,1993,99,https://www.walkscore.com/score/loc/lat=48.88699/lng=2.310381/
750832230,75,48.888657,2.388272,IME Cerep,750720674,CEREP Fbg Poissonnière Paris,61,Association Loi 1901 Reconnue d'Utilité Publique,Association,57,ARS /ARS PCD  Dotation forfait ou prix de journée globalisé,35,1990,98,https://www.walkscore.com/score/loc/lat=48.88866/lng=2.388272/
770003028,77,48.577831,2.556184,IME Vercors,750015968,Groupe SOS Solidarités,61,Association Loi 1901 Reconnue d'Utilité Publique,Association,57,ARS /ARS PCD  Dotation forfait ou prix de journée globalisé,31,2006,24,https://www.walkscore.com/score/loc/lat=48.57783/lng=2.556184/
770006278,77,48.265284,2.712048,IME Secondaire Nemours,770000404,EPMS de Chancepoix,19,Établissement Social et Médico-Social Départemental,Public,57,ARS /ARS PCD  Dotation forfait ou prix de journée globalisé,40,2005,62,https://www.walkscore.com/score/loc/lat=48.26528/lng=2.712048/
770017374,77,48.852541,2.648426,IME Pôle Enfance Autisme,920001419,Fondation des Amis de l’Atelier,63,Fondation,Fondation,57,ARS /ARS PCD  Dotation forfait ou prix de journée globalisé,80,2009,66,https://www.walkscore.com/score/loc/lat=48.85254/lng=2.648426/
770017689,77,48.834565,2.672271,IME Éclair,770017671,AIME 77,61,Association Loi 1901 Reconnue d'Utilité Publique,Association,57,ARS /ARS PCD  Dotation forfait ou prix de journée globalisé,12,2009,47,https://www.walkscore.com/score/loc/lat=48.83456/lng=2.672271/
770021301,77,48.80802,3.085496,IME de Villiers Secondaire à Aulnoy,770700029,Fondation Ellen Poidatz,63,Fondation,Fondation,57,ARS /ARS PCD  Dotation forfait ou prix de journée globalisé,24,N/D,84,https://www.walkscore.com/score/loc/lat=48.80802/lng=3.085496/
770021350,77,48.837214,2.706459,IME Éclair,770017671,AIME 77,61,Association Loi 1901 Reconnue d'Utilité Publique,Association,57,ARS /ARS PCD  Dotation forfait ou prix de journée globalisé,20,2016,81,https://www.walkscore.com/score/loc/lat=48.83721/lng=2.706459/
770021384,77,48.841155,2.784622,IME Pole Enfance Autisme,920001419,Fondation des Amis de l’Atelier,63,Fondation,Fondation,57,ARS /ARS PCD  Dotation forfait ou prix de journée globalisé,17,2016,67,https://www.walkscore.com/score/loc/lat=48.84116/lng=2.784622/
770021921,77,48.555601,3.019746,IME Secondaire de l'EPMS du Provinois,770001071,EPMS du Provinois,19,Établissement Social et Médico-Social Départemental,Public,57,ARS /ARS PCD  Dotation forfait ou prix de journée globalisé,15,2017,74,https://www.walkscore.com/score/loc/lat=48.5556/lng=3.019746/
770690014,77,48.852554,3.075288,IME de Villers,770700029,Fondation Ellen Poidatz,63,Fondation,Fondation,57,ARS /ARS PCD  Dotation forfait ou prix de journée globalisé,34,N/D,5,https://www.walkscore.com/score/loc/lat=48.85255/lng=3.075288/
770690022,77,48.411183,2.702028,IME La Sittelle,770700029,Fondation Ellen Poidatz,63,Fondation,Fondation,57,ARS /ARS PCD  Dotation forfait ou prix de journée globalisé,77,N/D,89,https://www.walkscore.com/score/loc/lat=48.41118/lng=2.702028/
770690055,77,48.363194,2.840843,IME Léopold Bellan la Sapinière,750720609,Fondation Léopold Bellan,63,Fondation,Fondation,57,ARS /ARS PCD  Dotation forfait ou prix de journée globalisé,120,1951,0,https://www.walkscore.com/score/loc/lat=48.36319/lng=2.840843/
770690071,77,48.710024,2.869636,IME EPMS Fontenay Tresigny,770000396,EPMS Fondation Hardy,19,Établissement Social et Médico-Social Départemental,Public,5,ARS établissements médico-soc. non financés dotation globale,156,1958,64,https://www.walkscore.com/score/loc/lat=48.71002/lng=2.869636/
770690139,77,48.845623,3.231985,IME la Tour,750050916,Fédération des APAJH,61,Association Loi 1901 Reconnue d'Utilité Publique,Association,5,ARS établissements médico-soc. non financés dotation globale,52,2005,61,https://www.walkscore.com/score/loc/lat=48.84562/lng=3.231985/
770690154,77,48.600667,2.584313,IME la Pépinière,770803732,ADAPEI 77,61,Association Loi 1901 Reconnue d'Utilité Publique,Association,5,ARS établissements médico-soc. non financés dotation globale,34,1938,24,https://www.walkscore.com/score/loc/lat=48.60067/lng=2.584313/
770690196,77,48.558,2.608506,IME le Reverdi,770700029,Fondation Ellen Poidatz,63,Fondation,Fondation,57,ARS /ARS PCD  Dotation forfait ou prix de journée globalisé,56,1964,41,https://www.walkscore.com/score/loc/lat=48.558/lng=2.608506/
770690204,77,48.515066,2.635786,IME l'Envolée,770700029,Fondation Ellen Poidatz,63,Fondation,Fondation,57,ARS /ARS PCD  Dotation forfait ou prix de journée globalisé,92,1971,75,https://www.walkscore.com/score/loc/lat=48.51507/lng=2.635786/
770690220,77,48.942193,2.688837,IME La Gabrielle,750720476,Mutualité Fonction Publique Action Santé,47,Société Mutualiste,Société Mutualiste,57,ARS /ARS PCD  Dotation forfait ou prix de journée globalisé,46,1975,77,https://www.walkscore.com/score/loc/lat=48.94219/lng=2.688837/
770690238,77,48.947096,2.687663,IME EPMS l'Ourcq,770000413,EPMS l’Ourcq,19,Établissement Social et Médico-Social Départemental,Public,58,ARS dotation forfait ou prix de journée globalisé hors CPOM,233,N/D,80,https://www.walkscore.com/score/loc/lat=48.9471/lng=2.687663/
770690253,77,48.392711,2.95337,IME Villa Marie Louise,750050916,Fédération des APAJH,61,Association Loi 1901 Reconnue d'Utilité Publique,Association,5,ARS établissements médico-soc. non financés dotation globale,60,1975,0,https://www.walkscore.com/score/loc/lat=48.39271/lng=2.95337/
770690261,77,48.879142,2.578537,IME Michel de Montaigne,770815629,Association Gestion CPR pour handicapés,60,Association Loi 1901 non Reconnue d'Utilité Publique,Association,5,ARS établissements médico-soc. non financés dotation globale,60,1965,71,https://www.walkscore.com/score/loc/lat=48.87914/lng=2.578537/
770690303,77,48.802641,2.635555,IME des Grands Champs,920001419,Fondation des Amis de l’Atelier,63,Fondation,Fondation,57,ARS /ARS PCD  Dotation forfait ou prix de journée globalisé,157,1978,49,https://www.walkscore.com/score/loc/lat=48.80264/lng=2.635555/
770690352,77,48.974226,2.628943,IME l'Oasis,770016236,AEDE,60,Association Loi 1901 non Reconnue d'Utilité Publique,Association,57,ARS /ARS PCD  Dotation forfait ou prix de journée globalisé,64,1979,36,https://www.walkscore.com/score/loc/lat=48.97423/lng=2.628943/
770814762,77,48.545265,3.299762,IME les Grattons de Provins,770001071,EPMS du Provinois,19,Établissement Social et Médico-Social Départemental,Public,57,ARS /ARS PCD  Dotation forfait ou prix de journée globalisé,76,1992,27,https://www.walkscore.com/score/loc/lat=48.54527/lng=3.299762/
780000196,78,48.92151,2.020114,IME Emmanuel Marie,780804415,Handi Val de Seine association de gestion,60,Association Loi 1901 non Reconnue d'Utilité Publique,Association,5,ARS établissements médico-soc. non financés dotation globale,40,1994,49,https://www.walkscore.com/score/loc/lat=48.92151/lng=2.020114/
780009569,78,48.94952,2.178491,IME le Chemin des Lauris,780824611,APAJH Comité des Yvelines,61,Association Loi 1901 Reconnue d'Utilité Publique,Association,5,ARS établissements médico-soc. non financés dotation globale,65,2004,62,https://www.walkscore.com/score/loc/lat=48.94952/lng=2.178491/
780016812,78,48.770457,2.075382,IME Alphée,780020111,ARISSE,60,Association Loi 1901 non Reconnue d'Utilité Publique,Association,5,ARS établissements médico-soc. non financés dotation globale,20,2002,71,https://www.walkscore.com/score/loc/lat=48.77046/lng=2.075382/
780018602,78,48.947999,2.017864,IME Notre École,750063521,Association Autisme en Île-de-France,60,Association Loi 1901 non Reconnue d'Utilité Publique,Association,5,ARS établissements médico-soc. non financés dotation globale,39,2003,7,https://www.walkscore.com/score/loc/lat=48.948/lng=2.017864/
780018735,78,49.001616,1.643792,IME Amalthée,780020111,ARISSE,60,Association Loi 1901 non Reconnue d'Utilité Publique,Association,5,ARS établissements médico-soc. non financés dotation globale,32,2012,42,https://www.walkscore.com/score/loc/lat=49.00162/lng=1.643792/
780020723,78,48.904022,2.045489,IME Agir et Vivre l'Autisme,750062234,Association Agir et Vivre l’Autisme,60,Association Loi 1901 non Reconnue d'Utilité Publique,Association,5,ARS établissements médico-soc. non financés dotation globale,35,2010,63,https://www.walkscore.com/score/loc/lat=48.90402/lng=2.045489/
780610010,78,48.832542,2.128499,IME le Bel Air,780708293,Sauvegarde enfant adolescent adulte 78,61,Association Loi 1901 Reconnue d'Utilité Publique,Association,5,ARS établissements médico-soc. non financés dotation globale,77,1971,71,https://www.walkscore.com/score/loc/lat=48.83254/lng=2.128499/
780680104,78,48.770031,2.011366,IME La Rencontre,780825097,Association Delos APEI 78,61,Association Loi 1901 Reconnue d'Utilité Publique,Association,5,ARS établissements médico-soc. non financés dotation globale,35,1970,48,https://www.walkscore.com/score/loc/lat=48.77003/lng=2.011366/
780690012,78,48.982179,2.058665,IME le Manoir,780824611,APAJH Comité des Yvelines,61,Association Loi 1901 Reconnue d'Utilité Publique,Association,57,ARS /ARS PCD  Dotation forfait ou prix de journée globalisé,42,1967,58,https://www.walkscore.com/score/loc/lat=48.98218/lng=2.058665/
780690020,78,48.908534,2.175334,IME La Roseraie,780804472,Avenir APEI,61,Association Loi 1901 Reconnue d'Utilité Publique,Association,57,ARS /ARS PCD  Dotation forfait ou prix de journée globalisé,50,1964,66,https://www.walkscore.com/score/loc/lat=48.90853/lng=2.175334/
780690038,78,48.897344,2.156092,IME de Pédagogie Curative,30007801,Reconnaissances,60,Association Loi 1901 non Reconnue d'Utilité Publique,Association,5,ARS établissements médico-soc. non financés dotation globale,96,1963,80,https://www.walkscore.com/score/loc/lat=48.89734/lng=2.156092/
780690053,78,48.82071,1.98436,IME René Fontaine,750719312,Association Entraide Union,60,Association Loi 1901 non Reconnue d'Utilité Publique,Association,5,ARS établissements médico-soc. non financés dotation globale,36,1963,74,https://www.walkscore.com/score/loc/lat=48.82071/lng=1.98436/
780690061,78,48.716917,1.890808,IME le Moulin,780021929,HESTIA,60,Association Loi 1901 non Reconnue d'Utilité Publique,Association,5,ARS établissements médico-soc. non financés dotation globale,27,1965,70,https://www.walkscore.com/score/loc/lat=48.71692/lng=1.890808/
780690087,78,48.634016,1.772758,IME le Castel,780021929,HESTIA,60,Association Loi 1901 non Reconnue d'Utilité Publique,Association,5,ARS établissements médico-soc. non financés dotation globale,62,1967,20,https://www.walkscore.com/score/loc/lat=48.63402/lng=1.772758/
780690095,78,48.774994,2.161443,IME les Metz,780020111,ARISSE,60,Association Loi 1901 non Reconnue d'Utilité Publique,Association,5,ARS établissements médico-soc. non financés dotation globale,62,1964,37,https://www.walkscore.com/score/loc/lat=48.77499/lng=2.161443/
780690137,78,48.82505,1.937144,IME Externat l'Escabelle,780024113,Centre Hospitalier de Plaisir,11,Établissement Public Départemental d'Hospitalisation,Public,5,ARS établissements médico-soc. non financés dotation globale,20,1966,37,https://www.walkscore.com/score/loc/lat=48.82505/lng=1.937144/
780690145,78,48.931784,2.044023,IME ASOIMEEP Poissy,780009528,ASOIMEEP,60,Association Loi 1901 non Reconnue d'Utilité Publique,Association,5,ARS établissements médico-soc. non financés dotation globale,77,1961,92,https://www.walkscore.com/score/loc/lat=48.93178/lng=2.044023/
780690152,78,48.803489,2.057932,IME Externat Saint Cyr L’École,780024113,Centre Hospitalier de Plaisir,11,Établissement Public Départemental d'Hospitalisation,Public,3,ARS établissements Publics de santé dotation globale,35,1975,75,https://www.walkscore.com/score/loc/lat=48.80349/lng=2.057932/
780690210,78,48.809776,2.136362,IME le Rondo,750721334,Croix Rouge Française,61,Association Loi 1901 Reconnue d'Utilité Publique,Association,57,ARS /ARS PCD  Dotation forfait ou prix de journée globalisé,54,1960,93,https://www.walkscore.com/score/loc/lat=48.80978/lng=2.136362/
780690244,78,48.847262,2.114736,IME le Pré d'Orient,780708442,"Association pour l’insertion, l’éducation et les soins",60,Association Loi 1901 non Reconnue d'Utilité Publique,Association,5,ARS établissements médico-soc. non financés dotation globale,35,1972,8,https://www.walkscore.com/score/loc/lat=48.84726/lng=2.114736/
780690269,78,49.013515,2.116224,IME les Papillons Blancs,780804472,Avenir APEI,61,Association Loi 1901 Reconnue d'Utilité Publique,Association,5,ARS établissements médico-soc. non financés dotation globale,46,1994,54,https://www.walkscore.com/score/loc/lat=49.01351/lng=2.116224/
780690293,78,48.997443,1.904992,IME Alfred Binet,780804415,Handi Val de Seine association de gestion,60,Association Loi 1901 non Reconnue d'Utilité Publique,Association,5,ARS établissements médico-soc. non financés dotation globale,103,1972,74,https://www.walkscore.com/score/loc/lat=48.99744/lng=1.904992/
780702320,78,48.781961,1.993275,IME Plaine du Moulin,780708442,"Association pour l’insertion, l’éducation et les soins",60,Association Loi 1901 non Reconnue d'Utilité Publique,Association,5,ARS établissements médico-soc. non financés dotation globale,45,1978,60,https://www.walkscore.com/score/loc/lat=48.78196/lng=1.993275/
780808200,78,48.902605,2.090252,IME les Glycines,780804472,Avenir APEI,61,Association Loi 1901 Reconnue d'Utilité Publique,Association,57,ARS /ARS PCD  Dotation forfait ou prix de journée globalisé,94,1966,85,https://www.walkscore.com/score/loc/lat=48.9026/lng=2.090252/
780820916,78,48.955833,1.716719,IME du Breuil,780825097,Association Delos APEI 78,61,Association Loi 1901 Reconnue d'Utilité Publique,Association,57,ARS /ARS PCD  Dotation forfait ou prix de journée globalisé,118,1983,13,https://www.walkscore.com/score/loc/lat=48.95583/lng=1.716719/
780826228,78,48.751729,1.838116,IME les Tout Petits,910707769,Association Les tout petits,60,Association Loi 1901 non Reconnue d'Utilité Publique,Association,5,ARS établissements médico-soc. non financés dotation globale,28,1992,17,https://www.walkscore.com/score/loc/lat=48.75173/lng=1.838116/
910017300,91,48.59682,2.256587,IME André Coudrier,910808948,Association Altérité,61,Association Loi 1901 Reconnue d'Utilité Publique,Association,5,ARS établissements médico-soc. non financés dotation globale,42,2008,64,https://www.walkscore.com/score/loc/lat=48.59682/lng=2.256587/
910690031,91,48.69289,2.488068,IME La Cerisaie,910808948,Association Altérité,61,Association Loi 1901 Reconnue d'Utilité Publique,Association,5,ARS établissements médico-soc. non financés dotation globale,68,N/D,69,https://www.walkscore.com/score/loc/lat=48.69289/lng=2.488068/
910690049,91,48.698453,2.509072,IME les Vallées,910808765,Association les Vallées,60,Association Loi 1901 non Reconnue d'Utilité Publique,Association,5,ARS établissements médico-soc. non financés dotation globale,56,N/D,79,https://www.walkscore.com/score/loc/lat=48.69845/lng=2.509072/
910690056,91,48.600351,2.470963,IME le Val d’Essonne,940001019,Institut le Val Mandé,19,Établissement Social et Médico-Social Départemental,Public,57,ARS /ARS PCD  Dotation forfait ou prix de journée globalisé,50,1964,77,https://www.walkscore.com/score/loc/lat=48.60035/lng=2.470963/
910690080,91,48.510325,2.23675,IME de Gillevoisin,910808781,Établissement Public National Antoine Koenigswarter,18,Établissement Social et Médico-Social National,Public,57,ARS /ARS PCD  Dotation forfait ou prix de journée globalisé,98,1908,4,https://www.walkscore.com/score/loc/lat=48.51033/lng=2.23675/
910690106,91,48.653772,2.34246,IME Henri Dunant,910808948,Association Altérité,61,Association Loi 1901 Reconnue d'Utilité Publique,Association,5,ARS établissements médico-soc. non financés dotation globale,45,1966,63,https://www.walkscore.com/score/loc/lat=48.65377/lng=2.34246/
910690130,91,48.438047,2.354354,IME Léopold Bellan,750720609,Fondation Léopold Bellan,63,Fondation,Fondation,57,ARS /ARS PCD  Dotation forfait ou prix de journée globalisé,85,1967,0,https://www.walkscore.com/score/loc/lat=48.43805/lng=2.354354/
910690148,91,48.674845,2.364643,IME Arc En Ciel,750806523,La maison maternelle,61,Association Loi 1901 Reconnue d'Utilité Publique,Association,5,ARS établissements médico-soc. non financés dotation globale,60,N/D,73,https://www.walkscore.com/score/loc/lat=48.67484/lng=2.364643/
910690171,91,48.431731,2.160166,IME La Feuilleraie,910707645,Association AAPISE,60,Association Loi 1901 non Reconnue d'Utilité Publique,Association,5,ARS établissements médico-soc. non financés dotation globale,40,1971,92,https://www.walkscore.com/score/loc/lat=48.43173/lng=2.160166/
910690197,91,48.680902,2.41482,IME les Pampoux,910707777,Les Papillons blancs de l’Essonne,60,Association Loi 1901 non Reconnue d'Utilité Publique,Association,57,ARS /ARS PCD  Dotation forfait ou prix de journée globalisé,90,N/D,61,https://www.walkscore.com/score/loc/lat=48.6809/lng=2.41482/
910690205,91,48.702226,2.353748,IME Page d’Écriture,910808948,Association Altérité,61,Association Loi 1901 Reconnue d'Utilité Publique,Association,5,ARS établissements médico-soc. non financés dotation globale,40,N/D,70,https://www.walkscore.com/score/loc/lat=48.70223/lng=2.353748/
910690213,91,48.677739,2.335658,IME Sillery,910808773,Fond franco-britannique de Sillery,63,Fondation,Fondation,5,ARS établissements médico-soc. non financés dotation globale,72,1969,56,https://www.walkscore.com/score/loc/lat=48.67774/lng=2.335658/
910701275,91,48.730079,2.247869,IME André Nouaille,910707660,Association Pupilles Enseignement Public,61,Association Loi 1901 Reconnue d'Utilité Publique,Association,5,ARS établissements médico-soc. non financés dotation globale,60,1975,68,https://www.walkscore.com/score/loc/lat=48.73008/lng=2.247869/
910701333,91,48.709594,2.245091,IME Roger Lecherbonnier,910707660,Association Pupilles Enseignement Public,61,Association Loi 1901 Reconnue d'Utilité Publique,Association,5,ARS établissements médico-soc. non financés dotation globale,70,1975,84,https://www.walkscore.com/score/loc/lat=48.70959/lng=2.245091/
910707397,91,48.584525,2.230745,IME La Guillemaine,910707645,Association AAPISE,60,Association Loi 1901 non Reconnue d'Utilité Publique,Association,5,ARS établissements médico-soc. non financés dotation globale,61,1977,41,https://www.walkscore.com/score/loc/lat=48.58452/lng=2.230745/
910805365,91,48.509327999999996,2.459024,IME le Buisson,910808948,Association Altérité,61,Association Loi 1901 Reconnue d'Utilité Publique,Association,5,ARS établissements médico-soc. non financés dotation globale,42,1967,6,https://www.walkscore.com/score/loc/lat=48.50933/lng=2.459024/
910814185,91,48.633946,2.336199,IME Notre École,590001681,GPT Association Partenaires d’action sociale,60,Association Loi 1901 non Reconnue d'Utilité Publique,Association,5,ARS établissements médico-soc. non financés dotation globale,49,1991,80,https://www.walkscore.com/score/loc/lat=48.63395/lng=2.336199/
920003910,92,48.775087,2.279026,IME Jeune Appédia,920718186,Papillons blancs de la Colline,61,Association Loi 1901 Reconnue d'Utilité Publique,Association,5,ARS établissements médico-soc. non financés dotation globale,16,1997,76,https://www.walkscore.com/score/loc/lat=48.77509/lng=2.279026/
920012358,92,48.827864,2.178036,IME La Villa d'Avray,920718187,Papillons blancs de la Colline,61,Association Loi 1901 Reconnue d'Utilité Publique,Association,5,ARS établissements médico-soc. non financés dotation globale,17,2010,66,https://www.walkscore.com/score/loc/lat=48.82786/lng=2.178036/
920015799,92,48.84425,2.245704,IME Solfège,930027347,UGECAM IDF,40,Régime Général de Sécurité Sociale,Public,57,ARS /ARS PCD  Dotation forfait ou prix de journée globalisé,20,2014,98,https://www.walkscore.com/score/loc/lat=48.84425/lng=2.245704/
920023439,92,48.840639,2.201899,IME Léonce Malecot Annexe du Parc,920718186,Papillons blancs de la Colline,61,Association Loi 1901 Reconnue d'Utilité Publique,Association,57,ARS /ARS PCD  Dotation forfait ou prix de journée globalisé,26,2009,62,https://www.walkscore.com/score/loc/lat=48.84064/lng=2.201899/
920025541,92,48.887468,2.196701,IME Au Fil de l'Autre,750719312,Association Entraide Union,60,Association Loi 1901 non Reconnue d'Utilité Publique,Association,5,ARS établissements médico-soc. non financés dotation globale,20,2001,93,https://www.walkscore.com/score/loc/lat=48.88747/lng=2.196701/
920026168,92,48.863279,2.204561,IME Agir et Vivre l'Autisme Suresnes,750062234,Association Agir et Vivre l’Autisme,60,Association Loi 1901 non Reconnue d'Utilité Publique,Association,5,ARS établissements médico-soc. non financés dotation globale,15,2010,92,https://www.walkscore.com/score/loc/lat=48.86328/lng=2.204561/
920033594,92,48.78921,2.298708,IME Hors les Murs les Alizés,750721391,Fondation de l’Élan retrouvé,63,Fondation,Fondation,58,ARS dotation forfait ou prix de journée globalisé hors CPOM,13,2019,71,https://www.walkscore.com/score/loc/lat=48.78921/lng=2.298708/
920690013,92,48.754508,2.297128,Association St Raphaël,920001153,Association pour la gestion du CPPS,60,Association Loi 1901 non Reconnue d'Utilité Publique,Association,5,ARS établissements médico-soc. non financés dotation globale,70,1965,91,https://www.walkscore.com/score/loc/lat=48.75451/lng=2.297128/
920690021,92,48.913493,2.289825,IME Centre Étienne Marcel,750825960,Association du Centre Étienne Marcel,61,Association Loi 1901 Reconnue d'Utilité Publique,Association,5,ARS établissements médico-soc. non financés dotation globale,30,1992,92,https://www.walkscore.com/score/loc/lat=48.91349/lng=2.289825/
920690047,92,48.834889,2.240993,IME EMP Georges Sorel,750721334,Croix Rouge Française,61,Association Loi 1901 Reconnue d'Utilité Publique,Association,5,ARS établissements médico-soc. non financés dotation globale,30,1962,100,https://www.walkscore.com/score/loc/lat=48.83489/lng=2.240993/
920690054,92,48.779351,2.307949,IME EMP Bourg La Reine,920800976,UNAPEI Hauts de Seine,61,Association Loi 1901 Reconnue d'Utilité Publique,Association,5,ARS établissements médico-soc. non financés dotation globale,44,1969,42,https://www.walkscore.com/score/loc/lat=48.77935/lng=2.307949/
920690096,92,48.79842,2.292764,IME le Cèdre,920800976,UNAPEI Hauts de Seine,61,Association Loi 1901 Reconnue d'Utilité Publique,Association,5,ARS établissements médico-soc. non financés dotation globale,24,1967,85,https://www.walkscore.com/score/loc/lat=48.79842/lng=2.292764/
920690104,92,48.799192,2.291403,IME Espoir Châtillonnais,920800976,UNAPEI Hauts de Seine,61,Association Loi 1901 Reconnue d'Utilité Publique,Association,5,ARS établissements médico-soc. non financés dotation globale,30,1961,87,https://www.walkscore.com/score/loc/lat=48.79919/lng=2.291403/
920690112,92,48.805889,2.263948,IME le Fil de Soi,920800976,UNAPEI Hauts de Seine,61,Association Loi 1901 Reconnue d'Utilité Publique,Association,5,ARS établissements médico-soc. non financés dotation globale,50,1962,78,https://www.walkscore.com/score/loc/lat=48.80589/lng=2.263948/
920690120,92,48.898533,2.309205,IME EMP les Tilleuls,920800281,APEI de la boucle de la Seine,61,Association Loi 1901 Reconnue d'Utilité Publique,Association,57,ARS /ARS PCD  Dotation forfait ou prix de journée globalisé,38,1971,94,https://www.walkscore.com/score/loc/lat=48.89853/lng=2.309205/
920690138,92,48.91236,2.247397,EMP Pierre Huet,750719312,Association Entraide Union,60,Association Loi 1901 non Reconnue d'Utilité Publique,Association,5,ARS établissements médico-soc. non financés dotation globale,35,1968,88,https://www.walkscore.com/score/loc/lat=48.91236/lng=2.247397/
920690146,92,48.912611,2.248418,EMPro HOVIA Colombes,750721029,Association HOVIA,61,Association Loi 1901 Reconnue d'Utilité Publique,Association,5,ARS établissements médico-soc. non financés dotation globale,35,1968,79,https://www.walkscore.com/score/loc/lat=48.91261/lng=2.248418/
920690153,92,48.921287,2.258951,IME La Dauphinelle,920800281,APEI de la boucle de la Seine,61,Association Loi 1901 Reconnue d'Utilité Publique,Association,57,ARS /ARS PCD  Dotation forfait ou prix de journée globalisé,85,1965,93,https://www.walkscore.com/score/loc/lat=48.92129/lng=2.258951/
920690187,92,48.896894,2.28326,EMP Europe,920718459,ASS la Résidence sociale,61,Association Loi 1901 Reconnue d'Utilité Publique,Association,57,ARS /ARS PCD  Dotation forfait ou prix de journée globalisé,70,1958,98,https://www.walkscore.com/score/loc/lat=48.89689/lng=2.28326/
920690203,92,48.812574,2.327665,IMP,920001179,Aides aux enfants en difficulté AEDI,60,Association Loi 1901 non Reconnue d'Utilité Publique,Association,5,ARS établissements médico-soc. non financés dotation globale,36,1983,92,https://www.walkscore.com/score/loc/lat=48.81257/lng=2.327665/
920690211,92,48.895687,2.208658,IME Balzac,920800976,UNAPEI Hauts de Seine,61,Association Loi 1901 Reconnue d'Utilité Publique,Association,5,ARS établissements médico-soc. non financés dotation globale,65,1965,85,https://www.walkscore.com/score/loc/lat=48.89569/lng=2.208658/
920690245,92,48.858751,2.217753,IME Léonce Malecot,920718186,Papillons blancs de la Colline,61,Association Loi 1901 Reconnue d'Utilité Publique,Association,5,ARS établissements médico-soc. non financés dotation globale,32,1972,84,https://www.walkscore.com/score/loc/lat=48.85875/lng=2.217753/
920690286,92,48.819921,2.194406,IME les Peupliers,920800976,UNAPEI Hauts de Seine,61,Association Loi 1901 Reconnue d'Utilité Publique,Association,5,ARS établissements médico-soc. non financés dotation globale,85,1966,74,https://www.walkscore.com/score/loc/lat=48.81992/lng=2.194406/
920690302,92,48.868189,2.211296,Sipfp de Suresnes,750719312,Association Entraide Union,60,Association Loi 1901 non Reconnue d'Utilité Publique,Association,5,ARS établissements médico-soc. non financés dotation globale,49,1969,83,https://www.walkscore.com/score/loc/lat=48.86819/lng=2.211296/
920690351,92,48.884649,2.263809,IME IMPro le Phare,920800976,UNAPEI Hauts de Seine,61,Association Loi 1901 Reconnue d'Utilité Publique,Association,5,ARS établissements médico-soc. non financés dotation globale,55,1964,98,https://www.walkscore.com/score/loc/lat=48.88465/lng=2.263809/
920800133,92,48.841678,2.207219,EMP les Avelines,750719312,Association Entraide Union,60,Association Loi 1901 non Reconnue d'Utilité Publique,Association,5,ARS établissements médico-soc. non financés dotation globale,40,1970,77,https://www.walkscore.com/score/loc/lat=48.84168/lng=2.207219/
920812559,92,48.766863,2.254341,IME externalisé SISS Appédia,920718186,Papillons blancs de la Colline,61,Association Loi 1901 Reconnue d'Utilité Publique,Association,5,ARS établissements médico-soc. non financés dotation globale,50,1991,80,https://www.walkscore.com/score/loc/lat=48.76686/lng=2.254341/
920814795,92,48.779393,2.31901,IME l'Alternance,920809829,Fondation Perce-Neige,63,Fondation,Fondation,57,ARS /ARS PCD  Dotation forfait ou prix de journée globalisé,18,1993,79,https://www.walkscore.com/score/loc/lat=48.77939/lng=2.31901/
930001631,93,48.933224,2.35682,IME Adam Shelton,750015968,Groupe SOS Solidarités,61,Association Loi 1901 Reconnue d'Utilité Publique,Association,57,ARS /ARS PCD  Dotation forfait ou prix de journée globalisé,27,1999,98,https://www.walkscore.com/score/loc/lat=48.93322/lng=2.35682/
930007448,93,48.862781,2.495252,IME le Soleil d'Or,750050916,Fédération des APAJH,61,Association Loi 1901 Reconnue d'Utilité Publique,Association,5,ARS établissements médico-soc. non financés dotation globale,19,2006,82,https://www.walkscore.com/score/loc/lat=48.86278/lng=2.495252/
930025507,93,48.964072,2.537487,IME Soubiran,750720534,Vivre et devenir Villepinte St Michel,61,Association Loi 1901 Reconnue d'Utilité Publique,Association,57,ARS /ARS PCD  Dotation forfait ou prix de journée globalisé,52,2016,63,https://www.walkscore.com/score/loc/lat=48.96407/lng=2.537487/
930030630,93,48.960047,2.395799,IME le Relais Île de France,750721391,Fondation de l’Elan retrouvé,63,Fondation,Fondation,9,"ARS PCD mixte (2 arrétés), habilité aide sociale",9,2021,63,https://www.walkscore.com/score/loc/lat=48.96005/lng=2.395799/
930690011,93,48.917945,2.40204,IME Romain Rolland,750720534,Vivre et devenir Villepinte St Michel,61,Association Loi 1901 Reconnue d'Utilité Publique,Association,5,ARS établissements médico-soc. non financés dotation globale,65,1967,86,https://www.walkscore.com/score/loc/lat=48.91795/lng=2.40204/
930690037,93,48.922748,2.503707,EMP René Lalouette,930813415,Association AGESTL,60,Association Loi 1901 non Reconnue d'Utilité Publique,Association,5,ARS établissements médico-soc. non financés dotation globale,60,1961,73,https://www.walkscore.com/score/loc/lat=48.92275/lng=2.503707/
930690094,93,48.926176,2.440548,IME Ladoucette,750720492,Société Philanthropique,61,Association Loi 1901 Reconnue d'Utilité Publique,Association,5,ARS établissements médico-soc. non financés dotation globale,121,1955,87,https://www.walkscore.com/score/loc/lat=48.92618/lng=2.440548/
930690110,93,48.92455,2.548428,IME Livry-Gargan,930000807,Externat Médico-Pédagogique,21,Établissement Social et Médico-Social Communal,Public,5,ARS établissements médico-soc. non financés dotation globale,36,1964,76,https://www.walkscore.com/score/loc/lat=48.92455/lng=2.548428/
930690136,93,48.852835,2.433973,IME Bernadette Coursol,940807563,Association APEI Papillons blancs – Vincennes,61,Association Loi 1901 Reconnue d'Utilité Publique,Association,5,ARS établissements médico-soc. non financés dotation globale,55,1964,95,https://www.walkscore.com/score/loc/lat=48.85283/lng=2.433973/
930690169,93,48.90106,2.467204,IME Henri Wallon Noisy le Sec,930000823,Association EINA Noisy-le-Sec,60,Association Loi 1901 non Reconnue d'Utilité Publique,Association,5,ARS établissements médico-soc. non financés dotation globale,72,1967,81,https://www.walkscore.com/score/loc/lat=48.90106/lng=2.467204/
930690177,93,48.901838,2.514376,IME l'Excelsior,750720534,Vivre et devenir Villepinte St Michel,61,Association Loi 1901 Reconnue d'Utilité Publique,Association,57,ARS /ARS PCD  Dotation forfait ou prix de journée globalisé,100,1938,85,https://www.walkscore.com/score/loc/lat=48.90184/lng=2.514376/
930690185,93,48.893319,2.525557,IME le Nid,750015968,Groupe SOS Solidarités,61,Association Loi 1901 Reconnue d'Utilité Publique,Association,5,ARS établissements médico-soc. non financés dotation globale,35,1976,83,https://www.walkscore.com/score/loc/lat=48.89332/lng=2.525557/
930690193,93,48.861588,2.491185,IME les 10 000 Rosiers,750050916,Fédération des APAJH,61,Association Loi 1901 Reconnue d'Utilité Publique,Association,5,ARS établissements médico-soc. non financés dotation globale,80,1969,79,https://www.walkscore.com/score/loc/lat=48.86159/lng=2.491185/
930690227,93,48.983555,2.554122,IME B Guillez le Petit Orme,930813415,Association AGESTL,60,Association Loi 1901 non Reconnue d'Utilité Publique,Association,5,ARS établissements médico-soc. non financés dotation globale,50,1969,33,https://www.walkscore.com/score/loc/lat=48.98356/lng=2.554122/
930690235,93,48.8932,2.507047,IME l'Edelweiss,750015968,Groupe SOS Solidarités,61,Association Loi 1901 Reconnue d'Utilité Publique,Association,5,ARS établissements médico-soc. non financés dotation globale,40,1972,80,https://www.walkscore.com/score/loc/lat=48.8932/lng=2.507047/
930690250,93,48.941809,2.347549,IME les Moulins Gémeaux,930017991,Les Moulins Gémeaux,26,Autre Établissement Public à Caractére Administratif,Public,5,ARS établissements médico-soc. non financés dotation globale,80,1971,87,https://www.walkscore.com/score/loc/lat=48.94181/lng=2.347549/
930690268,93,48.884461,2.557433,IME Francois Eglem,930712724,Association ARPEI,61,Association Loi 1901 Reconnue d'Utilité Publique,Association,5,ARS établissements médico-soc. non financés dotation globale,89,1972,35,https://www.walkscore.com/score/loc/lat=48.88446/lng=2.557433/
930690276,93,48.956145,2.369234,IME EMPro de La Résidence Sociale,920718459,ASS la Résidence sociale,61,Association Loi 1901 Reconnue d'Utilité Publique,Association,57,ARS /ARS PCD  Dotation forfait ou prix de journée globalisé,34,1972,66,https://www.walkscore.com/score/loc/lat=48.95614/lng=2.369234/
930690284,93,48.888549,2.416853,IME Louise Michel,930001888,APAJH Seine-saint-Denis,61,Association Loi 1901 Reconnue d'Utilité Publique,Association,5,ARS établissements médico-soc. non financés dotation globale,72,1972,88,https://www.walkscore.com/score/loc/lat=48.88855/lng=2.416853/
930690326,93,48.908903,2.458272,IME le Tremplin,750720534,Vivre et devenir Villepinte St Michel,61,Association Loi 1901 Reconnue d'Utilité Publique,Association,57,ARS /ARS PCD  Dotation forfait ou prix de journée globalisé,72,1967,78,https://www.walkscore.com/score/loc/lat=48.9089/lng=2.458272/
930690342,93,48.908539,2.338058,IME Ambroise Croizat,930021399,AGIME,61,Association Loi 1901 Reconnue d'Utilité Publique,Association,5,ARS établissements médico-soc. non financés dotation globale,68,1975,95,https://www.walkscore.com/score/loc/lat=48.90854/lng=2.338058/
930690359,93,48.955297,2.487791,IME Toulouse Lautrec,930813415,Association AGESTL,60,Association Loi 1901 non Reconnue d'Utilité Publique,Association,5,ARS établissements médico-soc. non financés dotation globale,88,1976,67,https://www.walkscore.com/score/loc/lat=48.9553/lng=2.487791/
930800362,93,48.844462,2.545881,IME Centre Jean Richepin,750015968,Groupe SOS Solidarités,61,Association Loi 1901 Reconnue d'Utilité Publique,Association,57,ARS /ARS PCD  Dotation forfait ou prix de journée globalisé,20,1997,89,https://www.walkscore.com/score/loc/lat=48.84446/lng=2.545881/
930814439,93,48.95423,2.387186,EMP Henri Wallon Stains,930712815,Association EINA,60,Association Loi 1901 non Reconnue d'Utilité Publique,Association,5,ARS établissements médico-soc. non financés dotation globale,50,N/D,80,https://www.walkscore.com/score/loc/lat=48.95423/lng=2.387186/
930816921,93,48.9502,2.321699,IME Chaptal,920718459,ASS la Résidence sociale,61,Association Loi 1901 Reconnue d'Utilité Publique,Association,57,ARS /ARS PCD  Dotation forfait ou prix de journée globalisé,38,1990,73,https://www.walkscore.com/score/loc/lat=48.9502/lng=2.321699/
930817341,93,48.929118,2.468871,IME Jean Marc Itard,930001367,EPC Jean-Marc Itard,21,Établissement Social et Médico-Social Communal,Public,5,ARS établissements médico-soc. non financés dotation globale,47,1992,73,https://www.walkscore.com/score/loc/lat=48.92912/lng=2.468871/
930817457,93,48.871182,2.453841,IMP Jean Macé Montreuil,930712716,Archipel Montreuil,61,Association Loi 1901 Reconnue d'Utilité Publique,Association,5,ARS établissements médico-soc. non financés dotation globale,30,1992,82,https://www.walkscore.com/score/loc/lat=48.87118/lng=2.453841/
930817499,93,48.87771,2.456003,IME les Enfants Terribles,750022238,AFG Autisme,60,Association Loi 1901 non Reconnue d'Utilité Publique,Association,57,ARS /ARS PCD  Dotation forfait ou prix de journée globalisé,17,1993,86,https://www.walkscore.com/score/loc/lat=48.87771/lng=2.456003/
940009988,94,48.751845,2.536437,IME Armonia,780020111,ARISSE,60,Association Loi 1901 non Reconnue d'Utilité Publique,Association,57,ARS /ARS PCD  Dotation forfait ou prix de journée globalisé,47,2007,41,https://www.walkscore.com/score/loc/lat=48.75185/lng=2.536437/
940019995,94,48.810198,2.435628,IME l'Odyssée,750015968,Groupe SOS Solidarités,61,Association Loi 1901 Reconnue d'Utilité Publique,Association,57,ARS /ARS PCD  Dotation forfait ou prix de journée globalisé,20,2001,86,https://www.walkscore.com/score/loc/lat=48.8102/lng=2.435628/
940020472,94,48.815804,2.492826,IME Centre Franchemont,750720690,Association Centre Franchemont,60,Association Loi 1901 non Reconnue d'Utilité Publique,Association,5,ARS établissements médico-soc. non financés dotation globale,32,2005,78,https://www.walkscore.com/score/loc/lat=48.8158/lng=2.492826/
940022981,94,48.803766,2.473833,IME A l’École Ted et Ses Amis,770017671,AIME 77,61,Association Loi 1901 Reconnue d'Utilité Publique,Association,5,ARS établissements médico-soc. non financés dotation globale,4,2018,91,https://www.walkscore.com/score/loc/lat=48.80377/lng=2.473833/
940028608,94,48.796836,2.447325,IME Handi Répit,750001695,La vie à domicile XVI,60,Association Loi 1901 non Reconnue d'Utilité Publique,Association,5,ARS établissements médico-soc. non financés dotation globale,9,2021,79,https://www.walkscore.com/score/loc/lat=48.79684/lng=2.447325/
940690084,94,48.796799,2.46118,IME Anatole France,750015968,Groupe SOS Solidarités,61,Association Loi 1901 Reconnue d'Utilité Publique,Association,57,ARS /ARS PCD  Dotation forfait ou prix de journée globalisé,30,1957,90,https://www.walkscore.com/score/loc/lat=48.7968/lng=2.46118/
940690092,94,48.850691,2.453996,IME Fontenay,940721400,UDSM Fontenay-sous-bois,61,Association Loi 1901 Reconnue d'Utilité Publique,Association,5,ARS établissements médico-soc. non financés dotation globale,110,1967,93,https://www.walkscore.com/score/loc/lat=48.85069/lng=2.453996/
940690100,94,48.775555,2.329066,IMPro Monique Guilbot,940721426,ADPED Fresnes,60,Association Loi 1901 non Reconnue d'Utilité Publique,Association,5,ARS établissements médico-soc. non financés dotation globale,45,1969,76,https://www.walkscore.com/score/loc/lat=48.77555/lng=2.329066/
940690118,94,48.778066,2.351667,IME les Lilas,940721426,ADPED Fresnes,60,Association Loi 1901 non Reconnue d'Utilité Publique,Association,5,ARS établissements médico-soc. non financés dotation globale,59,1961,72,https://www.walkscore.com/score/loc/lat=48.77807/lng=2.351667/
940690126,94,48.806937,2.357283,IMPro Seguin,940721533,APOGEI 94,60,Association Loi 1901 non Reconnue d'Utilité Publique,Association,57,ARS /ARS PCD  Dotation forfait ou prix de journée globalisé,35,1961,79,https://www.walkscore.com/score/loc/lat=48.80694/lng=2.357283/
940690175,94,48.844077,2.495703,IME Bel Air,940721533,APOGEI 94,60,Association Loi 1901 non Reconnue d'Utilité Publique,Association,57,ARS /ARS PCD  Dotation forfait ou prix de journée globalisé,65,1960,86,https://www.walkscore.com/score/loc/lat=48.84408/lng=2.495703/
940690183,94,48.808682,2.502956,IMPro ARERAM Jean Louis Calvino,930027024,ASS ARERAM,60,Association Loi 1901 non Reconnue d'Utilité Publique,Association,5,ARS établissements médico-soc. non financés dotation globale,80,1965,86,https://www.walkscore.com/score/loc/lat=48.80868/lng=2.502956/
940690191,94,48.793015,2.485326,IME Bords de Marne St Maur,940721533,APOGEI 94,60,Association Loi 1901 non Reconnue d'Utilité Publique,Association,57,ARS /ARS PCD  Dotation forfait ou prix de journée globalisé,65,1967,92,https://www.walkscore.com/score/loc/lat=48.79301/lng=2.485326/
940690209,94,48.81311,2.474587,IME le Parc de l'Abbaye,940721384,AFASER,60,Association Loi 1901 non Reconnue d'Utilité Publique,Association,57,ARS /ARS PCD  Dotation forfait ou prix de journée globalisé,55,1965,87,https://www.walkscore.com/score/loc/lat=48.81311/lng=2.474587/
940690225,94,48.76063,2.387649,IME Arc En Ciel Thiais,780020111,ARISSE,60,Association Loi 1901 non Reconnue d'Utilité Publique,Association,57,ARS /ARS PCD  Dotation forfait ou prix de journée globalisé,48,1962,75,https://www.walkscore.com/score/loc/lat=48.76063/lng=2.387649/
940690241,94,48.727819,2.433148,IME l'Avenir,940721384,AFASER,60,Association Loi 1901 non Reconnue d'Utilité Publique,Association,5,ARS établissements médico-soc. non financés dotation globale,50,1961,61,https://www.walkscore.com/score/loc/lat=48.72782/lng=2.433148/
940690266,94,48.799132,2.388797,IME Suzanne Brunel,940810328,Association ETAI Entraide par le travail,60,Association Loi 1901 non Reconnue d'Utilité Publique,Association,5,ARS établissements médico-soc. non financés dotation globale,90,1970,76,https://www.walkscore.com/score/loc/lat=48.79913/lng=2.388797/
940690282,94,48.823801,2.501323,EMP EMPro de Champigny Sur Marne,940721384,AFASER,60,Association Loi 1901 non Reconnue d'Utilité Publique,Association,5,ARS établissements médico-soc. non financés dotation globale,117,1972,72,https://www.walkscore.com/score/loc/lat=48.8238/lng=2.501323/
940690308,94,48.775816,2.468565,IME la Nichée Creteil,940721533,APOGEI 94,60,Association Loi 1901 non Reconnue d'Utilité Publique,Association,57,ARS /ARS PCD  Dotation forfait ou prix de journée globalisé,90,1972,85,https://www.walkscore.com/score/loc/lat=48.77582/lng=2.468565/
940690316,94,48.80317,2.358301,IME le Guillant Villejuif,940807472,APAJH 94,61,Association Loi 1901 Reconnue d'Utilité Publique,Association,57,ARS /ARS PCD  Dotation forfait ou prix de journée globalisé,98,1973,69,https://www.walkscore.com/score/loc/lat=48.80317/lng=2.358301/
940690324,94,48.843358,2.416547,IME T Kitoi,940001019,Institut le Val Mandé,19,Établissement Social et Médico-Social Départemental,Public,57,ARS /ARS PCD  Dotation forfait ou prix de journée globalisé,66,1901,95,https://www.walkscore.com/score/loc/lat=48.84336/lng=2.416547/
940711344,94,48.847382,2.52055,IME Léopold Bellan,750720609,Fondation Léopold Bellan,63,Fondation,Fondation,57,ARS /ARS PCD  Dotation forfait ou prix de journée globalisé,74,1950,77,https://www.walkscore.com/score/loc/lat=48.84738/lng=2.52055/
940800147,94,48.77802,2.347181,IME IMPro Foyer Monique Guilbot,940721426,ADPED Fresnes,60,Association Loi 1901 non Reconnue d'Utilité Publique,Association,5,ARS établissements médico-soc. non financés dotation globale,7,1976,58,https://www.walkscore.com/score/loc/lat=48.77802/lng=2.347181/
940803836,94,48.769148,2.474036,IME Françoise Leloup,940807472,APAJH 94,61,Association Loi 1901 Reconnue d'Utilité Publique,Association,57,ARS /ARS PCD  Dotation forfait ou prix de journée globalisé,43,1966,70,https://www.walkscore.com/score/loc/lat=48.76915/lng=2.474036/
940804396,94,48.850792,2.453715,IME Centre Émile Ducommun,940721400,UDSM Fontenay-sous-bois,61,Association Loi 1901 Reconnue d'Utilité Publique,Association,5,ARS établissements médico-soc. non financés dotation globale,50,1984,93,https://www.walkscore.com/score/loc/lat=48.85079/lng=2.453715/
940812654,94,48.751266,2.410751,IME Robert Desnos,940807472,APAJH 94,61,Association Loi 1901 Reconnue d'Utilité Publique,Association,57,ARS /ARS PCD  Dotation forfait ou prix de journée globalisé,50,1989,77,https://www.walkscore.com/score/loc/lat=48.75127/lng=2.410751/
950002048,95,49.002667,2.129269,IME La Chamade,950015255,Association HAARP,60,Association Loi 1901 non Reconnue d'Utilité Publique,Association,5,ARS établissements médico-soc. non financés dotation globale,63,2007,46,https://www.walkscore.com/score/loc/lat=49.00267/lng=2.129269/
950002097,95,49.034544,2.018063,IME La Clé,240000265,Fondation John Bost,63,Fondation,Fondation,57,ARS /ARS PCD  Dotation forfait ou prix de journée globalisé,41,2002,74,https://www.walkscore.com/score/loc/lat=49.03454/lng=2.018063/
950002220,95,50.990234,2.220086,IME Jacques Maraux,930019484,Association LADAPT,61,Association Loi 1901 Reconnue d'Utilité Publique,Association,5,ARS établissements médico-soc. non financés dotation globale,84,2001,60,https://www.walkscore.com/score/loc/lat=50.99023/lng=2.220086/
950003079,95,49.109193,2.34591,IME Roland Bonnard,240000266,Fondation John Bost,63,Fondation,Fondation,57,ARS /ARS PCD  Dotation forfait ou prix de journée globalisé,60,2004,21,https://www.walkscore.com/score/loc/lat=49.10919/lng=2.34591/
950011338,95,49.021184,2.292542,IME René Zazzo,950003319,Mutuelle la Mayotte,47,Société Mutualiste,Société Mutualiste,57,ARS /ARS PCD  Dotation forfait ou prix de journée globalisé,69,2009,13,https://www.walkscore.com/score/loc/lat=49.02118/lng=2.292542/
950014308,95,49.077039,2.49886,IME Madeleine Bres (Annexe Montlignon),950003319,Mutuelle la Mayotte,47,Société Mutualiste,Société Mutualiste,57,ARS /ARS PCD  Dotation forfait ou prix de journée globalisé,30,2012,50,https://www.walkscore.com/score/loc/lat=49.07704/lng=2.49886/
950040857,95,49.06107,2.11118,IME le Bois d'En Haut,950786863,APED l’Espoir,61,Association Loi 1901 Reconnue d'Utilité Publique,Association,57,ARS /ARS PCD  Dotation forfait ou prix de journée globalisé,90,2015,32,https://www.walkscore.com/score/loc/lat=49.06107/lng=2.11118/
950043042,95,49.003122,2.388356,IME La Boussole Bleue,920001419,Fondation des Amis de l’Atelier,63,Fondation,Fondation,5,ARS établissements médico-soc. non financés dotation globale,40,2020,67,https://www.walkscore.com/score/loc/lat=49.00312/lng=2.388356/
950690099,95,49.118275,2.220706,IME l'Espoir,950786863,APED l’Espoir,61,Association Loi 1901 Reconnue d'Utilité Publique,Association,57,ARS /ARS PCD  Dotation forfait ou prix de journée globalisé,80,1968,57,https://www.walkscore.com/score/loc/lat=49.11827/lng=2.220706/
950690115,95,48.989695,2.186052,IME le Clos du Parisis,950015255,Association HAARP,60,Association Loi 1901 non Reconnue d'Utilité Publique,Association,57,ARS /ARS PCD  Dotation forfait ou prix de journée globalisé,65,1970,66,https://www.walkscore.com/score/loc/lat=48.9897/lng=2.186052/
950690172,95,48.984772,2.389113,IME Henri Wallon,750719312,Association Entraide Union,60,Association Loi 1901 non Reconnue d'Utilité Publique,Association,5,ARS établissements médico-soc. non financés dotation globale,84,1971,52,https://www.walkscore.com/score/loc/lat=48.98477/lng=2.389113/
950690206,95,48.966662,2.226783,IME les Coteaux d'Argenteuil,950016402,APAJH 95,61,Association Loi 1901 Reconnue d'Utilité Publique,Association,57,ARS /ARS PCD  Dotation forfait ou prix de journée globalisé,62,1973,57,https://www.walkscore.com/score/loc/lat=48.96666/lng=2.226783/
950780056,95,48.9922,2.249799,IME le Clos Fleuri,950016402,APAJH 95,61,Association Loi 1901 Reconnue d'Utilité Publique,Association,57,ARS /ARS PCD  Dotation forfait ou prix de journée globalisé,67,1930,80,https://www.walkscore.com/score/loc/lat=48.9922/lng=2.249799/
950780817,95,48.986765,2.259196,IME Pro les Sources,950015255,Association HAARP,60,Association Loi 1901 non Reconnue d'Utilité Publique,Association,5,ARS établissements médico-soc. non financés dotation globale,37,1972,86,https://www.walkscore.com/score/loc/lat=48.98676/lng=2.259196/
950781443,95,48.96838,2.392558,IME l'Espoir,930712393,AFDAEIM,61,Association Loi 1901 Reconnue d'Utilité Publique,Association,5,ARS établissements médico-soc. non financés dotation globale,96,1975,75,https://www.walkscore.com/score/loc/lat=48.96838/lng=2.392558/
950783068,95,49.058458,2.067809,IME ANAIS d'Osny,750065591,Fondation ANAIS,63,Fondation,Fondation,57,ARS /ARS PCD  Dotation forfait ou prix de journée globalisé,88,1976,68,https://www.walkscore.com/score/loc/lat=49.05846/lng=2.067809/
950786434,95,49.022129,2.377639,IME Daniel Seguret,750719312,Association Entraide Union,60,Association Loi 1901 non Reconnue d'Utilité Publique,Association,5,ARS établissements médico-soc. non financés dotation globale,63,1979,65,https://www.walkscore.com/score/loc/lat=49.02213/lng=2.377639/
950806448,95,48.989751,2.216676,EMP les Sources,950015255,Association HAARP,60,Association Loi 1901 non Reconnue d'Utilité Publique,Association,5,ARS établissements médico-soc. non financés dotation globale,20,1988,70,https://www.walkscore.com/score/loc/lat=48.98975/lng=2.216676/
