Numéro_FINESS,Département,latitude,longitude,Raison_Sociale,FINESS_Orga,RS_Orga,Code_statut,Lib_statut,Statut,Code_tarif,Lib_tarif,Capacité_totale,Date ouvert
750002255,75,48.885482,2.325923,Maison Perce-Neige Alternance de Paris,920809829,Fondation Perce-Neige,63,Fondation,Fondation,5,ARS établissements médico-soc. non financés dotation globale,19,1997
750021669,75,48.852796,2.371339,IME les Petites Victoires,750021628,ASAP,60,Association Loi 1901 non Reconnue d'Utilité Publique,Association,5,ARS établissements médico-soc. non financés dotation globale,21,2005
750022758,75,48.837132,2.293283,IME Cognacq Jay,750720468,Fondation Cognacq-Jay,63,Fondation,Fondation,57,ARS /ARS PCD  Dotation forfait ou prix de journée globalisé,21,2006
750037962,75,48.877757,2.393424,IMPro APAJH Faites des Couleurs,750002586,APAJH Paris,61,Association Loi 1901 Reconnue d'Utilité Publique,Association,5,ARS établissements médico-soc. non financés dotation globale,42,2001
750038929,75,48.857871,2.366638,IME Cour de Venise,750063521,Association Autisme en Île-de-France,60,Association Loi 1901 non Reconnue d'Utilité Publique,Association,5,ARS établissements médico-soc. non financés dotation globale,25,2008
750042954,75,48.874975,2.369537,IME Norbert Dana,750042921,ABPIEH,60,Association Loi 1901 non Reconnue d'Utilité Publique,Association,57,ARS /ARS PCD  Dotation forfait ou prix de journée globalisé,53,2006
750047045,75,48.830442,2.365817,IME Agir et Vivre l'Autisme,750062234,Association Agir et Vivre l’Autisme,60,Association Loi 1901 non Reconnue d'Utilité Publique,Association,57,ARS /ARS PCD  Dotation forfait ou prix de journée globalisé,62,2009
750047086,75,48.843855,2.405359,MAIA Autisme de Paris,750047078,MAIA Autisme,60,Association Loi 1901 non Reconnue d'Utilité Publique,Association,57,ARS /ARS PCD  Dotation forfait ou prix de journée globalisé,54,2009
750049603,75,48.834684,2.297906,IME Saint Michel,750720534,Vivre et devenir Villepinte St Michel,61,Association Loi 1901 Reconnue d'Utilité Publique,Association,5,ARS établissements médico-soc. non financés dotation globale,25,2016
750051526,75,48.893899,2.35392,IME Centre Robert Doisneau,690793435,Fondation OVE,63,Fondation,Fondation,5,ARS établissements médico-soc. non financés dotation globale,27,2013
750062986,75,48.885529,2.390137,EEEH Silence des Justes,750037228,Association Ohalei Yaacov – Le Silence des Justes,60,Association Loi 1901 non Reconnue d'Utilité Publique,Association,58,ARS dotation forfait ou prix de journée globalisé hors CPOM,32,2019
750690018,75,48.858001,2.358848,IME Binet Simon,750002586,APAJH Paris,61,Association Loi 1901 Reconnue d'Utilité Publique,Association,5,ARS établissements médico-soc. non financés dotation globale,40,1966
750690042,75,48.894069,2.31214,IME HOVIA,750721029,Association HOVIA,61,Association Loi 1901 Reconnue d'Utilité Publique,Association,5,ARS établissements médico-soc. non financés dotation globale,67,1977
750690075,75,48.870953,2.369373,IME Suzanne Cordes,930027024,ASS ARERAM,60,Association Loi 1901 non Reconnue d'Utilité Publique,Association,5,ARS établissements médico-soc. non financés dotation globale,50,1952
750690141,75,48.875394,2.391695,IME de Belleville,750818726,Groupe Oeuvres Sociales de Belleville,61,Association Loi 1901 Reconnue d'Utilité Publique,Association,5,ARS établissements médico-soc. non financés dotation globale,60,1964
750690174,75,48.88781,2.320045,EMP et EMPro,750720781,Asso Bernard et Philippe Lafay,60,Association Loi 1901 non Reconnue d'Utilité Publique,Association,5,ARS établissements médico-soc. non financés dotation globale,35,1971
750690190,75,48.867978,2.301473,IME École de Chaillot,750056350,Association École de Chaillot,60,Association Loi 1901 non Reconnue d'Utilité Publique,Association,5,ARS établissements médico-soc. non financés dotation globale,30,1973
750690232,75,48.88915,2.368146,IMP Cours Hervé,750720948,Association Anne Marie Rallion,60,Association Loi 1901 non Reconnue d'Utilité Publique,Association,5,ARS établissements médico-soc. non financés dotation globale,45,1966
750690257,75,48.853466,2.383953,IME Centre Franchemont,750720690,Association Centre Franchemont,60,Association Loi 1901 non Reconnue d'Utilité Publique,Association,5,ARS établissements médico-soc. non financés dotation globale,60,1975
750690265,75,48.886292,2.312423,IMPro Cardinet,750720781,Association Bernard et Philippe Lafay,60,Association Loi 1901 non Reconnue d'Utilité Publique,Association,5,ARS établissements médico-soc. non financés dotation globale,35,1975
750690273,75,48.842694,2.28325,IME,750720930,Association Protection sociale Vaugirard – Fonds Marie Joseph Cherioux,60,Association Loi 1901 non Reconnue d'Utilité Publique,Association,5,ARS établissements médico-soc. non financés dotation globale,60,1975
750690349,75,48.850627,2.33174,IME du Luxembourg,310781562,ASEI,61,Association Loi 1901 Reconnue d'Utilité Publique,Association,5,ARS établissements médico-soc. non financés dotation globale,60,1978
750690398,75,48.871521,2.356887,IME Dysphasia,750719312,Association Entraide Union,60,Association Loi 1901 non Reconnue d'Utilité Publique,Association,57,ARS /ARS PCD  Dotation forfait ou prix de journée globalisé,31,1980
750814907,75,48.842148,2.315458,IME Notre École,750022238,AFG Autisme,60,Association Loi 1901 non Reconnue d'Utilité Publique,Association,5,ARS établissements médico-soc. non financés dotation globale,53,1985
750831703,75,48.886985,2.310381,IME de Saussure,750719312,Association Entraide Union,60,Association Loi 1901 non Reconnue d'Utilité Publique,Association,5,ARS établissements médico-soc. non financés dotation globale,34,1993
750832230,75,48.888657,2.388272,IME Cerep,750720674,CEREP Fbg Poissonnière Paris,61,Association Loi 1901 Reconnue d'Utilité Publique,Association,57,ARS /ARS PCD  Dotation forfait ou prix de journée globalisé,35,1990
770003028,77,48.577831,2.556184,IME Vercors,750015968,Groupe SOS Solidarités,61,Association Loi 1901 Reconnue d'Utilité Publique,Association,57,ARS /ARS PCD  Dotation forfait ou prix de journée globalisé,31,2006
770006278,77,48.265284,2.712048,IME Secondaire Nemours,770000404,EPMS de Chancepoix,19,Établissement Social et Médico-Social Départemental,Public,57,ARS /ARS PCD  Dotation forfait ou prix de journée globalisé,40,2005
770017374,77,48.852541,2.648426,IME Pôle Enfance Autisme,920001419,Fondation des Amis de l’Atelier,63,Fondation,Fondation,57,ARS /ARS PCD  Dotation forfait ou prix de journée globalisé,80,2009
770017689,77,48.834565,2.672271,IME Éclair,770017671,AIME 77,61,Association Loi 1901 Reconnue d'Utilité Publique,Association,57,ARS /ARS PCD  Dotation forfait ou prix de journée globalisé,12,2009
770021301,77,48.80802,3.085496,IME de Villiers Secondaire à Aulnoy,770700029,Fondation Ellen Poidatz,63,Fondation,Fondation,57,ARS /ARS PCD  Dotation forfait ou prix de journée globalisé,24,N/D
770021350,77,48.837214,2.706459,IME Éclair,770017671,AIME 77,61,Association Loi 1901 Reconnue d'Utilité Publique,Association,57,ARS /ARS PCD  Dotation forfait ou prix de journée globalisé,20,2016
770021384,77,48.841155,2.784622,IME Pole Enfance Autisme,920001419,Fondation des Amis de l’Atelier,63,Fondation,Fondation,57,ARS /ARS PCD  Dotation forfait ou prix de journée globalisé,17,2016
770021921,77,48.555601,3.019746,IME Secondaire de l'EPMS du Provinois,770001071,EPMS du Provinois,19,Établissement Social et Médico-Social Départemental,Public,57,ARS /ARS PCD  Dotation forfait ou prix de journée globalisé,15,2017
770690014,77,48.852554,3.075288,IME de Villers,770700029,Fondation Ellen Poidatz,63,Fondation,Fondation,57,ARS /ARS PCD  Dotation forfait ou prix de journée globalisé,34,N/D
770690022,77,48.411183,2.702028,IME La Sittelle,770700029,Fondation Ellen Poidatz,63,Fondation,Fondation,57,ARS /ARS PCD  Dotation forfait ou prix de journée globalisé,77,N/D
770690055,77,48.363194,2.840843,IME Léopold Bellan la Sapinière,750720609,Fondation Léopold Bellan,63,Fondation,Fondation,57,ARS /ARS PCD  Dotation forfait ou prix de journée globalisé,120,1951
770690071,77,48.710024,2.869636,IME EPMS Fontenay Tresigny,770000396,EPMS Fondation Hardy,19,Établissement Social et Médico-Social Départemental,Public,5,ARS établissements médico-soc. non financés dotation globale,156,1958
770690139,77,48.845623,3.231985,IME la Tour,750050916,Fédération des APAJH,61,Association Loi 1901 Reconnue d'Utilité Publique,Association,5,ARS établissements médico-soc. non financés dotation globale,52,2005
770690154,77,48.600667,2.584313,IME la Pépinière,770803732,ADAPEI 77,61,Association Loi 1901 Reconnue d'Utilité Publique,Association,5,ARS établissements médico-soc. non financés dotation globale,34,1938
770690196,77,48.558,2.608506,IME le Reverdi,770700029,Fondation Ellen Poidatz,63,Fondation,Fondation,57,ARS /ARS PCD  Dotation forfait ou prix de journée globalisé,56,1964
770690204,77,48.515066,2.635786,IME l'Envolée,770700029,Fondation Ellen Poidatz,63,Fondation,Fondation,57,ARS /ARS PCD  Dotation forfait ou prix de journée globalisé,92,1971
770690220,77,48.942193,2.688837,IME La Gabrielle,750720476,Mutualité Fonction Publique Action Santé,47,Société Mutualiste,Société Mutualiste,57,ARS /ARS PCD  Dotation forfait ou prix de journée globalisé,46,1975
770690238,77,48.947096,2.687663,IME EPMS l'Ourcq,770000413,EPMS l’Ourcq,19,Établissement Social et Médico-Social Départemental,Public,58,ARS dotation forfait ou prix de journée globalisé hors CPOM,233,N/D
770690253,77,48.392711,2.95337,IME Villa Marie Louise,750050916,Fédération des APAJH,61,Association Loi 1901 Reconnue d'Utilité Publique,Association,5,ARS établissements médico-soc. non financés dotation globale,60,1975
770690261,77,48.879142,2.578537,IME Michel de Montaigne,770815629,Association Gestion CPR pour handicapés,60,Association Loi 1901 non Reconnue d'Utilité Publique,Association,5,ARS établissements médico-soc. non financés dotation globale,60,1965
770690303,77,48.802641,2.635555,IME des Grands Champs,920001419,Fondation des Amis de l’Atelier,63,Fondation,Fondation,57,ARS /ARS PCD  Dotation forfait ou prix de journée globalisé,157,1978
770690352,77,48.974226,2.628943,IME l'Oasis,770016236,AEDE,60,Association Loi 1901 non Reconnue d'Utilité Publique,Association,57,ARS /ARS PCD  Dotation forfait ou prix de journée globalisé,64,1979
770814762,77,48.545265,3.299762,IME les Grattons de Provins,770001071,EPMS du Provinois,19,Établissement Social et Médico-Social Départemental,Public,57,ARS /ARS PCD  Dotation forfait ou prix de journée globalisé,76,1992
780000196,78,48.92151,2.020114,IME Emmanuel Marie,780804415,Handi Val de Seine association de gestion,60,Association Loi 1901 non Reconnue d'Utilité Publique,Association,5,ARS établissements médico-soc. non financés dotation globale,40,1994
780009569,78,48.94952,2.178491,IME le Chemin des Lauris,780824611,APAJH Comité des Yvelines,61,Association Loi 1901 Reconnue d'Utilité Publique,Association,5,ARS établissements médico-soc. non financés dotation globale,65,2004
780016812,78,48.770457,2.075382,IME Alphée,780020111,ARISSE,60,Association Loi 1901 non Reconnue d'Utilité Publique,Association,5,ARS établissements médico-soc. non financés dotation globale,20,2002
780018602,78,48.947999,2.017864,IME Notre École,750063521,Association Autisme en Île-de-France,60,Association Loi 1901 non Reconnue d'Utilité Publique,Association,5,ARS établissements médico-soc. non financés dotation globale,39,2003
780018735,78,49.001616,1.643792,IME Amalthée,780020111,ARISSE,60,Association Loi 1901 non Reconnue d'Utilité Publique,Association,5,ARS établissements médico-soc. non financés dotation globale,32,2012
780020723,78,48.904022,2.045489,IME Agir et Vivre l'Autisme,750062234,Association Agir et Vivre l’Autisme,60,Association Loi 1901 non Reconnue d'Utilité Publique,Association,5,ARS établissements médico-soc. non financés dotation globale,35,2010
780610010,78,48.832542,2.128499,IME le Bel Air,780708293,Sauvegarde enfant adolescent adulte 78,61,Association Loi 1901 Reconnue d'Utilité Publique,Association,5,ARS établissements médico-soc. non financés dotation globale,77,1971
780680104,78,48.770031,2.011366,IME La Rencontre,780825097,Association Delos APEI 78,61,Association Loi 1901 Reconnue d'Utilité Publique,Association,5,ARS établissements médico-soc. non financés dotation globale,35,1970
780690012,78,48.982179,2.058665,IME le Manoir,780824611,APAJH Comité des Yvelines,61,Association Loi 1901 Reconnue d'Utilité Publique,Association,57,ARS /ARS PCD  Dotation forfait ou prix de journée globalisé,42,1967
780690020,78,48.908534,2.175334,IME La Roseraie,780804472,Avenir APEI,61,Association Loi 1901 Reconnue d'Utilité Publique,Association,57,ARS /ARS PCD  Dotation forfait ou prix de journée globalisé,50,1964
780690038,78,48.897344,2.156092,IME de Pédagogie Curative,30007801,Reconnaissances,60,Association Loi 1901 non Reconnue d'Utilité Publique,Association,5,ARS établissements médico-soc. non financés dotation globale,96,1963
780690053,78,48.82071,1.98436,IME René Fontaine,750719312,Association Entraide Union,60,Association Loi 1901 non Reconnue d'Utilité Publique,Association,5,ARS établissements médico-soc. non financés dotation globale,36,1963
780690061,78,48.716917,1.890808,IME le Moulin,780021929,HESTIA,60,Association Loi 1901 non Reconnue d'Utilité Publique,Association,5,ARS établissements médico-soc. non financés dotation globale,27,1965
780690087,78,48.634016,1.772758,IME le Castel,780021929,HESTIA,60,Association Loi 1901 non Reconnue d'Utilité Publique,Association,5,ARS établissements médico-soc. non financés dotation globale,62,1967
780690095,78,48.774994,2.161443,IME les Metz,780020111,ARISSE,60,Association Loi 1901 non Reconnue d'Utilité Publique,Association,5,ARS établissements médico-soc. non financés dotation globale,62,1964
780690137,78,48.82505,1.937144,IME Externat l'Escabelle,780024113,Centre Hospitalier de Plaisir,11,Établissement Public Départemental d'Hospitalisation,Public,5,ARS établissements médico-soc. non financés dotation globale,20,1966
780690145,78,48.931784,2.044023,IME ASOIMEEP Poissy,780009528,ASOIMEEP,60,Association Loi 1901 non Reconnue d'Utilité Publique,Association,5,ARS établissements médico-soc. non financés dotation globale,77,1961
780690152,78,48.803489,2.057932,IME Externat Saint Cyr L’École,780024113,Centre Hospitalier de Plaisir,11,Établissement Public Départemental d'Hospitalisation,Public,3,ARS établissements Publics de santé dotation globale,35,1975
780690210,78,48.809776,2.136362,IME le Rondo,750721334,Croix Rouge Française,61,Association Loi 1901 Reconnue d'Utilité Publique,Association,57,ARS /ARS PCD  Dotation forfait ou prix de journée globalisé,54,1960
780690244,78,48.847262,2.114736,IME le Pré d'Orient,780708442,"Association pour l’insertion, l’éducation et les soins",60,Association Loi 1901 non Reconnue d'Utilité Publique,Association,5,ARS établissements médico-soc. non financés dotation globale,35,1972
780690269,78,49.013515,2.116224,IME les Papillons Blancs,780804472,Avenir APEI,61,Association Loi 1901 Reconnue d'Utilité Publique,Association,5,ARS établissements médico-soc. non financés dotation globale,46,1994
780690293,78,48.997443,1.904992,IME Alfred Binet,780804415,Handi Val de Seine association de gestion,60,Association Loi 1901 non Reconnue d'Utilité Publique,Association,5,ARS établissements médico-soc. non financés dotation globale,103,1972
780702320,78,48.781961,1.993275,IME Plaine du Moulin,780708442,"Association pour l’insertion, l’éducation et les soins",60,Association Loi 1901 non Reconnue d'Utilité Publique,Association,5,ARS établissements médico-soc. non financés dotation globale,45,1978
780808200,78,48.902605,2.090252,IME les Glycines,780804472,Avenir APEI,61,Association Loi 1901 Reconnue d'Utilité Publique,Association,57,ARS /ARS PCD  Dotation forfait ou prix de journée globalisé,94,1966
780820916,78,48.955833,1.716719,IME du Breuil,780825097,Association Delos APEI 78,61,Association Loi 1901 Reconnue d'Utilité Publique,Association,57,ARS /ARS PCD  Dotation forfait ou prix de journée globalisé,118,1983
780826228,78,48.751729,1.838116,IME les Tout Petits,910707769,Association Les tout petits,60,Association Loi 1901 non Reconnue d'Utilité Publique,Association,5,ARS établissements médico-soc. non financés dotation globale,28,1992
910017300,91,48.59682,2.256587,IME André Coudrier,910808948,Association Altérité,61,Association Loi 1901 Reconnue d'Utilité Publique,Association,5,ARS établissements médico-soc. non financés dotation globale,42,2008
910690031,91,48.69289,2.488068,IME La Cerisaie,910808948,Association Altérité,61,Association Loi 1901 Reconnue d'Utilité Publique,Association,5,ARS établissements médico-soc. non financés dotation globale,68,N/D
910690049,91,48.698453,2.509072,IME les Vallées,910808765,Association les Vallées,60,Association Loi 1901 non Reconnue d'Utilité Publique,Association,5,ARS établissements médico-soc. non financés dotation globale,56,N/D
910690056,91,48.600351,2.470963,IME le Val d’Essonne,940001019,Institut le Val Mandé,19,Établissement Social et Médico-Social Départemental,Public,57,ARS /ARS PCD  Dotation forfait ou prix de journée globalisé,50,1964
910690080,91,48.510325,2.23675,IME de Gillevoisin,910808781,Établissement Public National Antoine Koenigswarter,18,Établissement Social et Médico-Social National,Public,57,ARS /ARS PCD  Dotation forfait ou prix de journée globalisé,98,1908
910690106,91,48.653772,2.34246,IME Henri Dunant,910808948,Association Altérité,61,Association Loi 1901 Reconnue d'Utilité Publique,Association,5,ARS établissements médico-soc. non financés dotation globale,45,1966
910690130,91,48.438047,2.354354,IME Léopold Bellan,750720609,Fondation Léopold Bellan,63,Fondation,Fondation,57,ARS /ARS PCD  Dotation forfait ou prix de journée globalisé,85,1967
910690148,91,48.674845,2.364643,IME Arc En Ciel,750806523,La maison maternelle,61,Association Loi 1901 Reconnue d'Utilité Publique,Association,5,ARS établissements médico-soc. non financés dotation globale,60,N/D
910690171,91,48.431731,2.160166,IME La Feuilleraie,910707645,Association AAPISE,60,Association Loi 1901 non Reconnue d'Utilité Publique,Association,5,ARS établissements médico-soc. non financés dotation globale,40,1971
910690197,91,48.680902,2.41482,IME les Pampoux,910707777,Les Papillons blancs de l’Essonne,60,Association Loi 1901 non Reconnue d'Utilité Publique,Association,57,ARS /ARS PCD  Dotation forfait ou prix de journée globalisé,90,N/D
910690205,91,48.702226,2.353748,IME Page d’Écriture,910808948,Association Altérité,61,Association Loi 1901 Reconnue d'Utilité Publique,Association,5,ARS établissements médico-soc. non financés dotation globale,40,N/D
910690213,91,48.677739,2.335658,IME Sillery,910808773,Fond franco-britannique de Sillery,63,Fondation,Fondation,5,ARS établissements médico-soc. non financés dotation globale,72,1969
910701275,91,48.730079,2.247869,IME André Nouaille,910707660,Association Pupilles Enseignement Public,61,Association Loi 1901 Reconnue d'Utilité Publique,Association,5,ARS établissements médico-soc. non financés dotation globale,60,1975
910701333,91,48.709594,2.245091,IME Roger Lecherbonnier,910707660,Association Pupilles Enseignement Public,61,Association Loi 1901 Reconnue d'Utilité Publique,Association,5,ARS établissements médico-soc. non financés dotation globale,70,1975
910707397,91,48.584525,2.230745,IME La Guillemaine,910707645,Association AAPISE,60,Association Loi 1901 non Reconnue d'Utilité Publique,Association,5,ARS établissements médico-soc. non financés dotation globale,61,1977
910805365,91,48.509328,2.459024,IME le Buisson,910808948,Association Altérité,61,Association Loi 1901 Reconnue d'Utilité Publique,Association,5,ARS établissements médico-soc. non financés dotation globale,42,1967
910814185,91,48.633946,2.336199,IME Notre École,590001681,GPT Association Partenaires d’action sociale,60,Association Loi 1901 non Reconnue d'Utilité Publique,Association,5,ARS établissements médico-soc. non financés dotation globale,49,1991
920003910,92,48.775087,2.279026,IME Jeune Appédia,920718186,Papillons blancs de la Colline,61,Association Loi 1901 Reconnue d'Utilité Publique,Association,5,ARS établissements médico-soc. non financés dotation globale,16,1997
920012358,92,48.827864,2.178036,IME La Villa d'Avray,920718187,Papillons blancs de la Colline,61,Association Loi 1901 Reconnue d'Utilité Publique,Association,5,ARS établissements médico-soc. non financés dotation globale,17,2010
920015799,92,48.84425,2.245704,IME Solfège,930027347,UGECAM IDF,40,Régime Général de Sécurité Sociale,Public,57,ARS /ARS PCD  Dotation forfait ou prix de journée globalisé,20,2014
920023439,92,48.840639,2.201899,IME Léonce Malecot Annexe du Parc,920718186,Papillons blancs de la Colline,61,Association Loi 1901 Reconnue d'Utilité Publique,Association,57,ARS /ARS PCD  Dotation forfait ou prix de journée globalisé,26,2009
920025541,92,48.887468,2.196701,IME Au Fil de l'Autre,750719312,Association Entraide Union,60,Association Loi 1901 non Reconnue d'Utilité Publique,Association,5,ARS établissements médico-soc. non financés dotation globale,20,2001
920026168,92,48.863279,2.204561,IME Agir et Vivre l'Autisme Suresnes,750062234,Association Agir et Vivre l’Autisme,60,Association Loi 1901 non Reconnue d'Utilité Publique,Association,5,ARS établissements médico-soc. non financés dotation globale,15,2010
920033594,92,48.78921,2.298708,IME Hors les Murs les Alizés,750721391,Fondation de l’Élan retrouvé,63,Fondation,Fondation,58,ARS dotation forfait ou prix de journée globalisé hors CPOM,13,2019
920690013,92,48.754508,2.297128,Association St Raphaël,920001153,Association pour la gestion du CPPS,60,Association Loi 1901 non Reconnue d'Utilité Publique,Association,5,ARS établissements médico-soc. non financés dotation globale,70,1965
920690021,92,48.913493,2.289825,IME Centre Étienne Marcel,750825960,Association du Centre Étienne Marcel,61,Association Loi 1901 Reconnue d'Utilité Publique,Association,5,ARS établissements médico-soc. non financés dotation globale,30,1992
920690047,92,48.834889,2.240993,IME EMP Georges Sorel,750721334,Croix Rouge Française,61,Association Loi 1901 Reconnue d'Utilité Publique,Association,5,ARS établissements médico-soc. non financés dotation globale,30,1962
920690054,92,48.779351,2.307949,IME EMP Bourg La Reine,920800976,UNAPEI Hauts de Seine,61,Association Loi 1901 Reconnue d'Utilité Publique,Association,5,ARS établissements médico-soc. non financés dotation globale,44,1969
920690096,92,48.79842,2.292764,IME le Cèdre,920800976,UNAPEI Hauts de Seine,61,Association Loi 1901 Reconnue d'Utilité Publique,Association,5,ARS établissements médico-soc. non financés dotation globale,24,1967
920690104,92,48.799192,2.291403,IME Espoir Châtillonnais,920800976,UNAPEI Hauts de Seine,61,Association Loi 1901 Reconnue d'Utilité Publique,Association,5,ARS établissements médico-soc. non financés dotation globale,30,1961
920690112,92,48.805889,2.263948,IME le Fil de Soi,920800976,UNAPEI Hauts de Seine,61,Association Loi 1901 Reconnue d'Utilité Publique,Association,5,ARS établissements médico-soc. non financés dotation globale,50,1962
920690120,92,48.898533,2.309205,IME EMP les Tilleuls,920800281,APEI de la boucle de la Seine,61,Association Loi 1901 Reconnue d'Utilité Publique,Association,57,ARS /ARS PCD  Dotation forfait ou prix de journée globalisé,38,1971
920690138,92,48.91236,2.247397,EMP Pierre Huet,750719312,Association Entraide Union,60,Association Loi 1901 non Reconnue d'Utilité Publique,Association,5,ARS établissements médico-soc. non financés dotation globale,35,1968
920690146,92,48.912611,2.248418,EMPro HOVIA Colombes,750721029,Association HOVIA,61,Association Loi 1901 Reconnue d'Utilité Publique,Association,5,ARS établissements médico-soc. non financés dotation globale,35,1968
920690153,92,48.921287,2.258951,IME La Dauphinelle,920800281,APEI de la boucle de la Seine,61,Association Loi 1901 Reconnue d'Utilité Publique,Association,57,ARS /ARS PCD  Dotation forfait ou prix de journée globalisé,85,1965
920690187,92,48.896894,2.28326,EMP Europe,920718459,ASS la Résidence sociale,61,Association Loi 1901 Reconnue d'Utilité Publique,Association,57,ARS /ARS PCD  Dotation forfait ou prix de journée globalisé,70,1958
920690203,92,48.812574,2.327665,IMP,920001179,Aides aux enfants en difficulté AEDI,60,Association Loi 1901 non Reconnue d'Utilité Publique,Association,5,ARS établissements médico-soc. non financés dotation globale,36,1983
920690211,92,48.895687,2.208658,IME Balzac,920800976,UNAPEI Hauts de Seine,61,Association Loi 1901 Reconnue d'Utilité Publique,Association,5,ARS établissements médico-soc. non financés dotation globale,65,1965
920690245,92,48.858751,2.217753,IME Léonce Malecot,920718186,Papillons blancs de la Colline,61,Association Loi 1901 Reconnue d'Utilité Publique,Association,5,ARS établissements médico-soc. non financés dotation globale,32,1972
920690286,92,48.819921,2.194406,IME les Peupliers,920800976,UNAPEI Hauts de Seine,61,Association Loi 1901 Reconnue d'Utilité Publique,Association,5,ARS établissements médico-soc. non financés dotation globale,85,1966
920690302,92,48.868189,2.211296,Sipfp de Suresnes,750719312,Association Entraide Union,60,Association Loi 1901 non Reconnue d'Utilité Publique,Association,5,ARS établissements médico-soc. non financés dotation globale,49,1969
920690351,92,48.884649,2.263809,IME IMPro le Phare,920800976,UNAPEI Hauts de Seine,61,Association Loi 1901 Reconnue d'Utilité Publique,Association,5,ARS établissements médico-soc. non financés dotation globale,55,1964
920800133,92,48.841678,2.207219,EMP les Avelines,750719312,Association Entraide Union,60,Association Loi 1901 non Reconnue d'Utilité Publique,Association,5,ARS établissements médico-soc. non financés dotation globale,40,1970
920812559,92,48.766863,2.254341,IME externalisé SISS Appédia,920718186,Papillons blancs de la Colline,61,Association Loi 1901 Reconnue d'Utilité Publique,Association,5,ARS établissements médico-soc. non financés dotation globale,50,1991
920814795,92,48.779393,2.31901,IME l'Alternance,920809829,Fondation Perce-Neige,63,Fondation,Fondation,57,ARS /ARS PCD  Dotation forfait ou prix de journée globalisé,18,1993
930001631,93,48.933224,2.35682,IME Adam Shelton,750015968,Groupe SOS Solidarités,61,Association Loi 1901 Reconnue d'Utilité Publique,Association,57,ARS /ARS PCD  Dotation forfait ou prix de journée globalisé,27,1999
930007448,93,48.862781,2.495252,IME le Soleil d'Or,750050916,Fédération des APAJH,61,Association Loi 1901 Reconnue d'Utilité Publique,Association,5,ARS établissements médico-soc. non financés dotation globale,19,2006
930025507,93,48.964072,2.537487,IME Soubiran,750720534,Vivre et devenir Villepinte St Michel,61,Association Loi 1901 Reconnue d'Utilité Publique,Association,57,ARS /ARS PCD  Dotation forfait ou prix de journée globalisé,52,2016
930030630,93,48.960047,2.395799,IME le Relais Île de France,750721391,Fondation de l’Elan retrouvé,63,Fondation,Fondation,9,"ARS PCD mixte (2 arrétés), habilité aide sociale",9,2021
930690011,93,48.917945,2.40204,IME Romain Rolland,750720534,Vivre et devenir Villepinte St Michel,61,Association Loi 1901 Reconnue d'Utilité Publique,Association,5,ARS établissements médico-soc. non financés dotation globale,65,1967
930690037,93,48.922748,2.503707,EMP René Lalouette,930813415,Association AGESTL,60,Association Loi 1901 non Reconnue d'Utilité Publique,Association,5,ARS établissements médico-soc. non financés dotation globale,60,1961
930690094,93,48.926176,2.440548,IME Ladoucette,750720492,Société Philanthropique,61,Association Loi 1901 Reconnue d'Utilité Publique,Association,5,ARS établissements médico-soc. non financés dotation globale,121,1955
930690110,93,48.92455,2.548428,IME Livry-Gargan,930000807,Externat Médico-Pédagogique,21,Établissement Social et Médico-Social Communal,Public,5,ARS établissements médico-soc. non financés dotation globale,36,1964
930690136,93,48.852835,2.433973,IME Bernadette Coursol,940807563,Association APEI Papillons blancs – Vincennes,61,Association Loi 1901 Reconnue d'Utilité Publique,Association,5,ARS établissements médico-soc. non financés dotation globale,55,1964
930690169,93,48.90106,2.467204,IME Henri Wallon Noisy le Sec,930000823,Association EINA Noisy-le-Sec,60,Association Loi 1901 non Reconnue d'Utilité Publique,Association,5,ARS établissements médico-soc. non financés dotation globale,72,1967
930690177,93,48.901838,2.514376,IME l'Excelsior,750720534,Vivre et devenir Villepinte St Michel,61,Association Loi 1901 Reconnue d'Utilité Publique,Association,57,ARS /ARS PCD  Dotation forfait ou prix de journée globalisé,100,1938
930690185,93,48.893319,2.525557,IME le Nid,750015968,Groupe SOS Solidarités,61,Association Loi 1901 Reconnue d'Utilité Publique,Association,5,ARS établissements médico-soc. non financés dotation globale,35,1976
930690193,93,48.861588,2.491185,IME les 10 000 Rosiers,750050916,Fédération des APAJH,61,Association Loi 1901 Reconnue d'Utilité Publique,Association,5,ARS établissements médico-soc. non financés dotation globale,80,1969
930690227,93,48.983555,2.554122,IME B Guillez le Petit Orme,930813415,Association AGESTL,60,Association Loi 1901 non Reconnue d'Utilité Publique,Association,5,ARS établissements médico-soc. non financés dotation globale,50,1969
930690235,93,48.8932,2.507047,IME l'Edelweiss,750015968,Groupe SOS Solidarités,61,Association Loi 1901 Reconnue d'Utilité Publique,Association,5,ARS établissements médico-soc. non financés dotation globale,40,1972
930690250,93,48.941809,2.347549,IME les Moulins Gémeaux,930017991,Les Moulins Gémeaux,26,Autre Établissement Public à Caractére Administratif,Public,5,ARS établissements médico-soc. non financés dotation globale,80,1971
930690268,93,48.884461,2.557433,IME Francois Eglem,930712724,Association ARPEI,61,Association Loi 1901 Reconnue d'Utilité Publique,Association,5,ARS établissements médico-soc. non financés dotation globale,89,1972
930690276,93,48.956145,2.369234,IME EMPro de La Résidence Sociale,920718459,ASS la Résidence sociale,61,Association Loi 1901 Reconnue d'Utilité Publique,Association,57,ARS /ARS PCD  Dotation forfait ou prix de journée globalisé,34,1972
930690284,93,48.888549,2.416853,IME Louise Michel,930001888,APAJH Seine-saint-Denis,61,Association Loi 1901 Reconnue d'Utilité Publique,Association,5,ARS établissements médico-soc. non financés dotation globale,72,1972
930690326,93,48.908903,2.458272,IME le Tremplin,750720534,Vivre et devenir Villepinte St Michel,61,Association Loi 1901 Reconnue d'Utilité Publique,Association,57,ARS /ARS PCD  Dotation forfait ou prix de journée globalisé,72,1967
930690342,93,48.908539,2.338058,IME Ambroise Croizat,930021399,AGIME,61,Association Loi 1901 Reconnue d'Utilité Publique,Association,5,ARS établissements médico-soc. non financés dotation globale,68,1975
930690359,93,48.955297,2.487791,IME Toulouse Lautrec,930813415,Association AGESTL,60,Association Loi 1901 non Reconnue d'Utilité Publique,Association,5,ARS établissements médico-soc. non financés dotation globale,88,1976
930800362,93,48.844462,2.545881,IME Centre Jean Richepin,750015968,Groupe SOS Solidarités,61,Association Loi 1901 Reconnue d'Utilité Publique,Association,57,ARS /ARS PCD  Dotation forfait ou prix de journée globalisé,20,1997
930814439,93,48.95423,2.387186,EMP Henri Wallon Stains,930712815,Association EINA,60,Association Loi 1901 non Reconnue d'Utilité Publique,Association,5,ARS établissements médico-soc. non financés dotation globale,50,N/D
930816921,93,48.9502,2.321699,IME Chaptal,920718459,ASS la Résidence sociale,61,Association Loi 1901 Reconnue d'Utilité Publique,Association,57,ARS /ARS PCD  Dotation forfait ou prix de journée globalisé,38,1990
930817341,93,48.929118,2.468871,IME Jean Marc Itard,930001367,EPC Jean-Marc Itard,21,Établissement Social et Médico-Social Communal,Public,5,ARS établissements médico-soc. non financés dotation globale,47,1992
930817457,93,48.871182,2.453841,IMP Jean Macé Montreuil,930712716,Archipel Montreuil,61,Association Loi 1901 Reconnue d'Utilité Publique,Association,5,ARS établissements médico-soc. non financés dotation globale,30,1992
930817499,93,48.87771,2.456003,IME les Enfants Terribles,750022238,AFG Autisme,60,Association Loi 1901 non Reconnue d'Utilité Publique,Association,57,ARS /ARS PCD  Dotation forfait ou prix de journée globalisé,17,1993
940009988,94,48.751845,2.536437,IME Armonia,780020111,ARISSE,60,Association Loi 1901 non Reconnue d'Utilité Publique,Association,57,ARS /ARS PCD  Dotation forfait ou prix de journée globalisé,47,2007
940019995,94,48.810198,2.435628,IME l'Odyssée,750015968,Groupe SOS Solidarités,61,Association Loi 1901 Reconnue d'Utilité Publique,Association,57,ARS /ARS PCD  Dotation forfait ou prix de journée globalisé,20,2001
940020472,94,48.815804,2.492826,IME Centre Franchemont,750720690,Association Centre Franchemont,60,Association Loi 1901 non Reconnue d'Utilité Publique,Association,5,ARS établissements médico-soc. non financés dotation globale,32,2005
940022981,94,48.803766,2.473833,IME A l’École Ted et Ses Amis,770017671,AIME 77,61,Association Loi 1901 Reconnue d'Utilité Publique,Association,5,ARS établissements médico-soc. non financés dotation globale,4,2018
940028608,94,48.796836,2.447325,IME Handi Répit,750001695,La vie à domicile XVI,60,Association Loi 1901 non Reconnue d'Utilité Publique,Association,5,ARS établissements médico-soc. non financés dotation globale,9,2021
940690084,94,48.796799,2.46118,IME Anatole France,750015968,Groupe SOS Solidarités,61,Association Loi 1901 Reconnue d'Utilité Publique,Association,57,ARS /ARS PCD  Dotation forfait ou prix de journée globalisé,30,1957
940690092,94,48.850691,2.453996,IME Fontenay,940721400,UDSM Fontenay-sous-bois,61,Association Loi 1901 Reconnue d'Utilité Publique,Association,5,ARS établissements médico-soc. non financés dotation globale,110,1967
940690100,94,48.775555,2.329066,IMPro Monique Guilbot,940721426,ADPED Fresnes,60,Association Loi 1901 non Reconnue d'Utilité Publique,Association,5,ARS établissements médico-soc. non financés dotation globale,45,1969
940690118,94,48.778066,2.351667,IME les Lilas,940721426,ADPED Fresnes,60,Association Loi 1901 non Reconnue d'Utilité Publique,Association,5,ARS établissements médico-soc. non financés dotation globale,59,1961
940690126,94,48.806937,2.357283,IMPro Seguin,940721533,APOGEI 94,60,Association Loi 1901 non Reconnue d'Utilité Publique,Association,57,ARS /ARS PCD  Dotation forfait ou prix de journée globalisé,35,1961
940690175,94,48.844077,2.495703,IME Bel Air,940721533,APOGEI 94,60,Association Loi 1901 non Reconnue d'Utilité Publique,Association,57,ARS /ARS PCD  Dotation forfait ou prix de journée globalisé,65,1960
940690183,94,48.808682,2.502956,IMPro ARERAM Jean Louis Calvino,930027024,ASS ARERAM,60,Association Loi 1901 non Reconnue d'Utilité Publique,Association,5,ARS établissements médico-soc. non financés dotation globale,80,1965
940690191,94,48.793015,2.485326,IME Bords de Marne St Maur,940721533,APOGEI 94,60,Association Loi 1901 non Reconnue d'Utilité Publique,Association,57,ARS /ARS PCD  Dotation forfait ou prix de journée globalisé,65,1967
940690209,94,48.81311,2.474587,IME le Parc de l'Abbaye,940721384,AFASER,60,Association Loi 1901 non Reconnue d'Utilité Publique,Association,57,ARS /ARS PCD  Dotation forfait ou prix de journée globalisé,55,1965
940690225,94,48.76063,2.387649,IME Arc En Ciel Thiais,780020111,ARISSE,60,Association Loi 1901 non Reconnue d'Utilité Publique,Association,57,ARS /ARS PCD  Dotation forfait ou prix de journée globalisé,48,1962
940690241,94,48.727819,2.433148,IME l'Avenir,940721384,AFASER,60,Association Loi 1901 non Reconnue d'Utilité Publique,Association,5,ARS établissements médico-soc. non financés dotation globale,50,1961
940690266,94,48.799132,2.388797,IME Suzanne Brunel,940810328,Association ETAI Entraide par le travail,60,Association Loi 1901 non Reconnue d'Utilité Publique,Association,5,ARS établissements médico-soc. non financés dotation globale,90,1970
940690282,94,48.823801,2.501323,EMP EMPro de Champigny Sur Marne,940721384,AFASER,60,Association Loi 1901 non Reconnue d'Utilité Publique,Association,5,ARS établissements médico-soc. non financés dotation globale,117,1972
940690308,94,48.775816,2.468565,IME la Nichée Creteil,940721533,APOGEI 94,60,Association Loi 1901 non Reconnue d'Utilité Publique,Association,57,ARS /ARS PCD  Dotation forfait ou prix de journée globalisé,90,1972
940690316,94,48.80317,2.358301,IME le Guillant Villejuif,940807472,APAJH 94,61,Association Loi 1901 Reconnue d'Utilité Publique,Association,57,ARS /ARS PCD  Dotation forfait ou prix de journée globalisé,98,1973
940690324,94,48.843358,2.416547,IME T Kitoi,940001019,Institut le Val Mandé,19,Établissement Social et Médico-Social Départemental,Public,57,ARS /ARS PCD  Dotation forfait ou prix de journée globalisé,66,1901
940711344,94,48.847382,2.52055,IME Léopold Bellan,750720609,Fondation Léopold Bellan,63,Fondation,Fondation,57,ARS /ARS PCD  Dotation forfait ou prix de journée globalisé,74,1950
940800147,94,48.77802,2.347181,IME IMPro Foyer Monique Guilbot,940721426,ADPED Fresnes,60,Association Loi 1901 non Reconnue d'Utilité Publique,Association,5,ARS établissements médico-soc. non financés dotation globale,7,1976
940803836,94,48.769148,2.474036,IME Françoise Leloup,940807472,APAJH 94,61,Association Loi 1901 Reconnue d'Utilité Publique,Association,57,ARS /ARS PCD  Dotation forfait ou prix de journée globalisé,43,1966
940804396,94,48.850792,2.453715,IME Centre Émile Ducommun,940721400,UDSM Fontenay-sous-bois,61,Association Loi 1901 Reconnue d'Utilité Publique,Association,5,ARS établissements médico-soc. non financés dotation globale,50,1984
940812654,94,48.751266,2.410751,IME Robert Desnos,940807472,APAJH 94,61,Association Loi 1901 Reconnue d'Utilité Publique,Association,57,ARS /ARS PCD  Dotation forfait ou prix de journée globalisé,50,1989
950002048,95,49.002667,2.129269,IME La Chamade,950015255,Association HAARP,60,Association Loi 1901 non Reconnue d'Utilité Publique,Association,5,ARS établissements médico-soc. non financés dotation globale,63,2007
950002097,95,49.034544,2.018063,IME La Clé,240000265,Fondation John Bost,63,Fondation,Fondation,57,ARS /ARS PCD  Dotation forfait ou prix de journée globalisé,41,2002
950002220,95,50.990234,2.220086,IME Jacques Maraux,930019484,Association LADAPT,61,Association Loi 1901 Reconnue d'Utilité Publique,Association,5,ARS établissements médico-soc. non financés dotation globale,84,2001
950003079,95,49.109193,2.34591,IME Roland Bonnard,240000266,Fondation John Bost,63,Fondation,Fondation,57,ARS /ARS PCD  Dotation forfait ou prix de journée globalisé,60,2004
950011338,95,49.021184,2.292542,IME René Zazzo,950003319,Mutuelle la Mayotte,47,Société Mutualiste,Société Mutualiste,57,ARS /ARS PCD  Dotation forfait ou prix de journée globalisé,69,2009
950014308,95,49.077039,2.49886,IME Madeleine Bres (Annexe Montlignon),950003319,Mutuelle la Mayotte,47,Société Mutualiste,Société Mutualiste,57,ARS /ARS PCD  Dotation forfait ou prix de journée globalisé,30,2012
950040857,95,49.06107,2.11118,IME le Bois d'En Haut,950786863,APED l’Espoir,61,Association Loi 1901 Reconnue d'Utilité Publique,Association,57,ARS /ARS PCD  Dotation forfait ou prix de journée globalisé,90,2015
950043042,95,49.003122,2.388356,IME La Boussole Bleue,920001419,Fondation des Amis de l’Atelier,63,Fondation,Fondation,5,ARS établissements médico-soc. non financés dotation globale,40,2020
950690099,95,49.118275,2.220706,IME l'Espoir,950786863,APED l’Espoir,61,Association Loi 1901 Reconnue d'Utilité Publique,Association,57,ARS /ARS PCD  Dotation forfait ou prix de journée globalisé,80,1968
950690115,95,48.989695,2.186052,IME le Clos du Parisis,950015255,Association HAARP,60,Association Loi 1901 non Reconnue d'Utilité Publique,Association,57,ARS /ARS PCD  Dotation forfait ou prix de journée globalisé,65,1970
950690172,95,48.984772,2.389113,IME Henri Wallon,750719312,Association Entraide Union,60,Association Loi 1901 non Reconnue d'Utilité Publique,Association,5,ARS établissements médico-soc. non financés dotation globale,84,1971
950690206,95,48.966662,2.226783,IME les Coteaux d'Argenteuil,950016402,APAJH 95,61,Association Loi 1901 Reconnue d'Utilité Publique,Association,57,ARS /ARS PCD  Dotation forfait ou prix de journée globalisé,62,1973
950780056,95,48.9922,2.249799,IME le Clos Fleuri,950016402,APAJH 95,61,Association Loi 1901 Reconnue d'Utilité Publique,Association,57,ARS /ARS PCD  Dotation forfait ou prix de journée globalisé,67,1930
950780817,95,48.986765,2.259196,IME Pro les Sources,950015255,Association HAARP,60,Association Loi 1901 non Reconnue d'Utilité Publique,Association,5,ARS établissements médico-soc. non financés dotation globale,37,1972
950781443,95,48.96838,2.392558,IME l'Espoir,930712393,AFDAEIM,61,Association Loi 1901 Reconnue d'Utilité Publique,Association,5,ARS établissements médico-soc. non financés dotation globale,96,1975
950783068,95,49.058458,2.067809,IME ANAIS d'Osny,750065591,Fondation ANAIS,63,Fondation,Fondation,57,ARS /ARS PCD  Dotation forfait ou prix de journée globalisé,88,1976
950786434,95,49.022129,2.377639,IME Daniel Seguret,750719312,Association Entraide Union,60,Association Loi 1901 non Reconnue d'Utilité Publique,Association,5,ARS établissements médico-soc. non financés dotation globale,63,1979
950806448,95,48.989751,2.216676,EMP les Sources,950015255,Association HAARP,60,Association Loi 1901 non Reconnue d'Utilité Publique,Association,5,ARS établissements médico-soc. non financés dotation globale,20,1988
,,,,,,,,,,,,,
,,,,,,,,,,,MOYENNE,"53,3072916666667",
,,,,,,,,,,,MEDIANE,50,
,,,,,,,,,,,VARIANCE,"906,329161212914",
,,,,,,,,,,,ECART-TYPE,"30,1053012144525",
,,,,,,,,,,,Q1,34,
,,,,,,,,,,,Q3,"67,25",
,,,,,,,,,,,Écart interquartiles,"1,97794117647059",
,,,,,,,,,,,Min,4,
,,,,,,,,,,,Max,233,
